NAME,ALGO,PRECISION,OMP_THREADS,MPI_RANKS,NGPUs,GPU ID,SIZE,TOTAL_TIME,TOTAL_TIME_var,TOTAL_TIME_std,CPU_TIME,CPU_TIME_var,CPU_TIME_std,GPU_TIME,GPU_TIME_var,GPU_TIME_std,CPU_JOULES,CPU_JOULES_var,CPU_JOULES_std,GPU_JOULES,GPU_JOULES_var,GPU_JOULES_std,CPU_WATTS,CPU_WATTS_var,CPU_WATTS_std,GPU_WATTS,GPU_WATTS_var,GPU_WATTS_std,NRUNS,CPU_NAME,Sockets,GPU_NAME,Cores_per_socket,TOTAL_WATTS,TOTAL_JOULES
Palabos_anerusym,LBM,8,1,64,0,99,116923434,,,,936.388,0.0,0.0,,,,0.0,0,0,,,,0.0,0,0,,,,1,Graviton3,1,,64,,
Palabos_anerusym,LBM,8,1,192,0,99,34645796,,,,136.161,0.0,0.0,,,,35310.4,0,0,,,,259.328,0,0,,,,1,AMD EPYC 9654 96-Core Processor,2,,96,,
Palabos_anerusym,LBM,8,1,64,0,99,2217803,,,,34.9874,0.0,0.0,,,,0.0,0,0,,,,0.0,0,0,,,,1,Graviton3,1,,64,,
Palabos_anerusym,LBM,8,1,64,0,99,116923434,,,,935.825,0.0,0.0,,,,0.0,0,0,,,,0.0,0,0,,,,1,Graviton3,1,,64,,
Palabos_anerusym,LBM,8,1,64,0,99,116923434,,,,936.864,0.0,0.0,,,,0.0,0,0,,,,0.0,0,0,,,,1,Graviton3,1,,64,,
Palabos_anerusym,LBM,8,1,64,0,99,116923434,,,,940.191,0.0,0.0,,,,0.0,0,0,,,,0.0,0,0,,,,1,Graviton3,1,,64,,
Palabos_anerusym,LBM,8,1,64,0,99,116923434,,,,938.404,0.0,0.0,,,,0.0,0,0,,,,0.0,0,0,,,,1,Graviton3,1,,64,,
Palabos_anerusym,LBM,8,1,64,0,99,34645796,,,,329.613,0.0,0.0,,,,0.0,0,0,,,,0.0,0,0,,,,1,Graviton3,1,,64,,
Palabos_anerusym,LBM,8,1,64,0,99,34645796,,,,328.769,0.0,0.0,,,,0.0,0,0,,,,0.0,0,0,,,,1,Graviton3,1,,64,,
Palabos_anerusym,LBM,8,1,64,0,99,34645796,,,,327.851,0.0,0.0,,,,0.0,0,0,,,,0.0,0,0,,,,1,Graviton3,1,,64,,
Palabos_anerusym,LBM,8,1,64,0,99,116923434,,,,942.739,0.0,0.0,,,,0.0,0,0,,,,0.0,0,0,,,,1,Graviton3,1,,64,,
Palabos_anerusym,LBM,8,1,64,0,99,2217803,,,,35.023,0.0,0.0,,,,0.0,0,0,,,,0.0,0,0,,,,1,Graviton3,1,,64,,
Palabos_anerusym,LBM,8,1,64,0,99,2217803,,,,35.0804,0.0,0.0,,,,0.0,0,0,,,,0.0,0,0,,,,1,Graviton3,1,,64,,
Palabos_anerusym,LBM,8,1,64,0,99,2217803,,,,35.0256,0.0,0.0,,,,0.0,0,0,,,,0.0,0,0,,,,1,Graviton3,1,,64,,
Palabos_anerusym,LBM,8,1,64,0,99,2217803,,,,35.0547,0.0,0.0,,,,0.0,0,0,,,,0.0,0,0,,,,1,Graviton3,1,,64,,
Palabos_anerusym,LBM,8,1,64,0,99,2217803,,,,35.0004,0.0,0.0,,,,0.0,0,0,,,,0.0,0,0,,,,1,Graviton3,1,,64,,
Palabos_anerusym,LBM,8,1,64,0,99,2217803,,,,34.9708,0.0,0.0,,,,0.0,0,0,,,,0.0,0,0,,,,1,Graviton3,1,,64,,
Palabos_anerusym,LBM,8,1,64,0,99,2217803,,,,35.0304,0.0,0.0,,,,0.0,0,0,,,,0.0,0,0,,,,1,Graviton3,1,,64,,
Palabos_anerusym,LBM,8,1,64,0,99,2217803,,,,34.9268,0.0,0.0,,,,0.0,0,0,,,,0.0,0,0,,,,1,Graviton3,1,,64,,
Palabos_anerusym,LBM,8,1,64,0,99,34645796,,,,329.668,0.0,0.0,,,,0.0,0,0,,,,0.0,0,0,,,,1,Graviton3,1,,64,,
Palabos_anerusym,LBM,8,1,64,0,99,34645796,,,,329.393,0.0,0.0,,,,0.0,0,0,,,,0.0,0,0,,,,1,Graviton3,1,,64,,
Palabos_anerusym,LBM,8,1,64,0,99,34645796,,,,329.585,0.0,0.0,,,,0.0,0,0,,,,0.0,0,0,,,,1,Graviton3,1,,64,,
Palabos_anerusym,LBM,8,1,64,0,99,34645796,,,,329.279,0.0,0.0,,,,0.0,0,0,,,,0.0,0,0,,,,1,Graviton3,1,,64,,
Palabos_anerusym,LBM,8,1,64,0,99,34645796,,,,328.57,0.0,0.0,,,,0.0,0,0,,,,0.0,0,0,,,,1,Graviton3,1,,64,,
Palabos_anerusym,LBM,8,1,64,0,99,34645796,,,,326.83,0.0,0.0,,,,0.0,0,0,,,,0.0,0,0,,,,1,Graviton3,1,,64,,
Palabos_anerusym,LBM,8,1,64,0,99,116923434,,,,938.197,0.0,0.0,,,,0.0,0,0,,,,0.0,0,0,,,,1,Graviton3,1,,64,,
Palabos_anerusym,LBM,8,1,64,0,99,116923434,,,,937.687,0.0,0.0,,,,0.0,0,0,,,,0.0,0,0,,,,1,Graviton3,1,,64,,
Palabos_anerusym,LBM,8,1,64,0,99,116923434,,,,937.618,0.0,0.0,,,,0.0,0,0,,,,0.0,0,0,,,,1,Graviton3,1,,64,,
Palabos_anerusym,LBM,8,1,64,0,99,116923434,,,,943.26,0.0,0.0,,,,0.0,0,0,,,,0.0,0,0,,,,1,Graviton3,1,,64,,
Palabos_anerusym,LBM,8,1,64,0,99,116923434,,,,936.627,0.0,0.0,,,,0.0,0,0,,,,0.0,0,0,,,,1,Graviton3,1,,64,,
Palabos_anerusym,LBM,8,1,64,0,99,34645796,,,,329.657,0.0,0.0,,,,0.0,0,0,,,,0.0,0,0,,,,1,Graviton3,1,,64,,
Palabos_anerusym,LBM,8,1,64,0,99,34645796,,,,329.032,0.0,0.0,,,,0.0,0,0,,,,0.0,0,0,,,,1,Graviton3,1,,64,,
Palabos_anerusym,LBM,8,1,64,0,99,2217803,,,,34.9428,0.0,0.0,,,,0.0,0,0,,,,0.0,0,0,,,,1,Graviton3,1,,64,,
Palabos_anerusym,LBM,8,1,96,0,99,116923434,,,,785.376,0.0,0.0,,,,157039.0,0,0,,,,199.954,0,0,,,,1,AMD EPYC 9654 96-Core Processor,2,,96,,
Palabos_anerusym,LBM,8,1,96,0,99,2217803,,,,30.7286,0.0,0.0,,,,6384.35,0,0,,,,207.766,0,0,,,,1,AMD EPYC 9654 96-Core Processor,2,,96,,
Palabos_anerusym,LBM,8,1,192,0,99,34645796,,,,135.252,0.0,0.0,,,,34401.5,0,0,,,,254.352,0,0,,,,1,AMD EPYC 9654 96-Core Processor,2,,96,,
Palabos_anerusym,LBM,8,1,192,0,99,2217803,,,,13.4083,0.0,0.0,,,,3739.08,0,0,,,,278.862,0,0,,,,1,AMD EPYC 9654 96-Core Processor,2,,96,,
Palabos_anerusym,LBM,8,1,64,0,99,2217803,,,,57.7617,0.0,0.0,,,,6314.09,0,0,,,,109.313,0,0,,,,1,AMD EPYC 7H12 64-Core Processor,2,,64,,
Palabos_anerusym,LBM,8,1,192,0,99,116923434,,,,383.643,0.0,0.0,,,,95276.4,0,0,,,,248.347,0,0,,,,1,AMD EPYC 9654 96-Core Processor,2,,96,,
Palabos_anerusym,LBM,8,1,128,0,99,116923434,,,,791.269,0.0,0.0,,,,163866.0,0,0,,,,207.092,0,0,,,,1,AMD EPYC 7H12 64-Core Processor,2,,64,,
Palabos_anerusym,LBM,8,1,64,0,99,116923434,,,,1573.82,0.0,0.0,,,,223901.0,0,0,,,,142.266,0,0,,,,1,AMD EPYC 7H12 64-Core Processor,2,,64,,
Palabos_anerusym,LBM,8,1,128,0,99,2217803,,,,28.4466,0.0,0.0,,,,5899.23,0,0,,,,207.379,0,0,,,,1,AMD EPYC 7H12 64-Core Processor,2,,64,,
Palabos_anerusym,LBM,8,1,128,0,99,116923434,,,,796.578,0.0,0.0,,,,164304.0,0,0,,,,206.263,0,0,,,,1,AMD EPYC 7H12 64-Core Processor,2,,64,,
Palabos_anerusym,LBM,8,1,64,0,99,34645796,,,,548.499,0.0,0.0,,,,78261.2,0,0,,,,142.682,0,0,,,,1,AMD EPYC 7H12 64-Core Processor,2,,64,,
Palabos_anerusym,LBM,8,1,96,0,99,2217803,,,,49.0468,0.0,0.0,,,,9318.1,0,0,,,,189.984,0,0,,,,1,AMD EPYC 9654 96-Core Processor,2,,96,,
Palabos_anerusym,LBM,8,1,64,0,99,34645796,,,,556.358,0.0,0.0,,,,82485.8,0,0,,,,148.26,0,0,,,,1,AMD EPYC 7H12 64-Core Processor,2,,64,,
Palabos_anerusym,LBM,8,1,64,0,99,116923434,,,,1597.21,0.0,0.0,,,,233797.0,0,0,,,,146.378,0,0,,,,1,AMD EPYC 7H12 64-Core Processor,2,,64,,
Palabos_anerusym,LBM,8,1,192,0,99,2217803,,,,13.0672,0.0,0.0,,,,3664.97,0,0,,,,280.471,0,0,,,,1,AMD EPYC 9654 96-Core Processor,2,,96,,
Palabos_anerusym,LBM,8,1,64,0,99,34645796,,,,552.452,0.0,0.0,,,,81342.9,0,0,,,,147.24,0,0,,,,1,AMD EPYC 7H12 64-Core Processor,2,,64,,
Palabos_anerusym,LBM,8,1,96,0,99,34645796,,,,278.39,0.0,0.0,,,,58118.1,0,0,,,,208.765,0,0,,,,1,AMD EPYC 9654 96-Core Processor,2,,96,,
Palabos_anerusym,LBM,8,1,128,0,99,116923434,,,,791.263,0.0,0.0,,,,163244.0,0,0,,,,206.308,0,0,,,,1,AMD EPYC 7H12 64-Core Processor,2,,64,,
Palabos_anerusym,LBM,8,1,96,0,99,116923434,,,,777.914,0.0,0.0,,,,152385.0,0,0,,,,195.889,0,0,,,,1,AMD EPYC 9654 96-Core Processor,2,,96,,
Palabos_anerusym,LBM,8,1,64,0,99,2217803,,,,61.6001,0.0,0.0,,,,8849.28,0,0,,,,143.657,0,0,,,,1,AMD EPYC 7H12 64-Core Processor,2,,64,,
Palabos_anerusym,LBM,8,1,96,0,99,116923434,,,,778.363,0.0,0.0,,,,151437.0,0,0,,,,194.558,0,0,,,,1,AMD EPYC 9654 96-Core Processor,2,,96,,
Palabos_anerusym,LBM,8,1,128,0,99,116923434,,,,786.969,0.0,0.0,,,,163983.0,0,0,,,,208.373,0,0,,,,1,AMD EPYC 7H12 64-Core Processor,2,,64,,
Palabos_anerusym,LBM,8,1,64,0,99,2217803,,,,35.1078,0.0,0.0,,,,0.0,0,0,,,,0.0,0,0,,,,1,Graviton3,1,,64,,
Palabos_anerusym,LBM,8,1,192,0,99,2217803,,,,13.3514,0.0,0.0,,,,3731.26,0,0,,,,279.466,0,0,,,,1,AMD EPYC 9654 96-Core Processor,2,,96,,
Palabos_anerusym,LBM,8,1,128,0,99,116923434,,,,777.865,0.0,0.0,,,,160276.0,0,0,,,,206.046,0,0,,,,1,AMD EPYC 7H12 64-Core Processor,2,,64,,
Palabos_anerusym,LBM,8,1,192,0,99,116923434,,,,381.739,0.0,0.0,,,,94353.5,0,0,,,,247.167,0,0,,,,1,AMD EPYC 9654 96-Core Processor,2,,96,,
Palabos_anerusym,LBM,8,1,64,0,99,34645796,,,,545.089,0.0,0.0,,,,77580.1,0,0,,,,142.326,0,0,,,,1,AMD EPYC 7H12 64-Core Processor,2,,64,,
Palabos_anerusym,LBM,8,1,96,0,99,34645796,,,,276.842,0.0,0.0,,,,55385.7,0,0,,,,200.062,0,0,,,,1,AMD EPYC 9654 96-Core Processor,2,,96,,
Palabos_anerusym,LBM,8,1,192,0,99,34645796,,,,137.257,0.0,0.0,,,,35572.0,0,0,,,,259.164,0,0,,,,1,AMD EPYC 9654 96-Core Processor,2,,96,,
Palabos_anerusym,LBM,8,1,192,0,99,2217803,,,,13.3451,0.0,0.0,,,,3821.25,0,0,,,,286.34,0,0,,,,1,AMD EPYC 9654 96-Core Processor,2,,96,,
Palabos_anerusym,LBM,8,1,128,0,99,34645796,,,,273.982,0.0,0.0,,,,59065.7,0,0,,,,215.582,0,0,,,,1,AMD EPYC 7H12 64-Core Processor,2,,64,,
Palabos_anerusym,LBM,8,1,192,0,99,116923434,,,,386.199,0.0,0.0,,,,94966.3,0,0,,,,245.9,0,0,,,,1,AMD EPYC 9654 96-Core Processor,2,,96,,
Palabos_anerusym,LBM,8,1,96,0,99,34645796,,,,273.519,0.0,0.0,,,,54451.6,0,0,,,,199.078,0,0,,,,1,AMD EPYC 9654 96-Core Processor,2,,96,,
Palabos_anerusym,LBM,8,1,192,0,99,2217803,,,,13.0022,0.0,0.0,,,,3698.19,0,0,,,,284.428,0,0,,,,1,AMD EPYC 9654 96-Core Processor,2,,96,,
Palabos_anerusym,LBM,8,1,192,0,99,2217803,,,,12.9433,0.0,0.0,,,,3633.78,0,0,,,,280.745,0,0,,,,1,AMD EPYC 9654 96-Core Processor,2,,96,,
Palabos_anerusym,LBM,8,1,128,0,99,2217803,,,,29.2134,0.0,0.0,,,,6236.62,0,0,,,,213.485,0,0,,,,1,AMD EPYC 7H12 64-Core Processor,2,,64,,
Palabos_anerusym,LBM,8,1,192,0,99,34645796,,,,137.217,0.0,0.0,,,,35279.4,0,0,,,,257.106,0,0,,,,1,AMD EPYC 9654 96-Core Processor,2,,96,,
Palabos_anerusym,LBM,8,1,128,0,99,34645796,,,,272.017,0.0,0.0,,,,57053.1,0,0,,,,209.741,0,0,,,,1,AMD EPYC 7H12 64-Core Processor,2,,64,,
Palabos_anerusym,LBM,8,1,64,0,99,2217803,,,,60.9877,0.0,0.0,,,,8802.86,0,0,,,,144.338,0,0,,,,1,AMD EPYC 7H12 64-Core Processor,2,,64,,
Palabos_anerusym,LBM,8,1,128,0,99,34645796,,,,278.418,0.0,0.0,,,,56305.4,0,0,,,,202.233,0,0,,,,1,AMD EPYC 7H12 64-Core Processor,2,,64,,
Palabos_anerusym,LBM,8,1,96,0,99,2217803,,,,30.8046,0.0,0.0,,,,6447.51,0,0,,,,209.303,0,0,,,,1,AMD EPYC 9654 96-Core Processor,2,,96,,
Palabos_anerusym,LBM,8,1,64,0,99,2217803,,,,53.5253,0.0,0.0,,,,6980.17,0,0,,,,130.409,0,0,,,,1,AMD EPYC 7H12 64-Core Processor,2,,64,,
Palabos_anerusym,LBM,8,1,96,0,99,34645796,,,,273.693,0.0,0.0,,,,54210.8,0,0,,,,198.071,0,0,,,,1,AMD EPYC 9654 96-Core Processor,2,,96,,
Palabos_anerusym,LBM,8,1,96,0,99,34645796,,,,275.011,0.0,0.0,,,,54309.1,0,0,,,,197.48,0,0,,,,1,AMD EPYC 9654 96-Core Processor,2,,96,,
Palabos_anerusym,LBM,8,1,96,0,99,34645796,,,,273.759,0.0,0.0,,,,54847.9,0,0,,,,200.351,0,0,,,,1,AMD EPYC 9654 96-Core Processor,2,,96,,
Palabos_anerusym,LBM,8,1,96,0,99,116923434,,,,782.768,0.0,0.0,,,,153839.0,0,0,,,,196.531,0,0,,,,1,AMD EPYC 9654 96-Core Processor,2,,96,,
Palabos_anerusym,LBM,8,1,128,0,99,34645796,,,,271.443,0.0,0.0,,,,57403.6,0,0,,,,211.475,0,0,,,,1,AMD EPYC 7H12 64-Core Processor,2,,64,,
Palabos_anerusym,LBM,8,1,192,0,99,34645796,,,,135.213,0.0,0.0,,,,34737.9,0,0,,,,256.912,0,0,,,,1,AMD EPYC 9654 96-Core Processor,2,,96,,
Palabos_anerusym,LBM,8,1,192,0,99,116923434,,,,383.341,0.0,0.0,,,,95942.4,0,0,,,,250.279,0,0,,,,1,AMD EPYC 9654 96-Core Processor,2,,96,,
Palabos_anerusym,LBM,8,1,128,0,99,2217803,,,,29.0305,0.0,0.0,,,,6299.77,0,0,,,,217.006,0,0,,,,1,AMD EPYC 7H12 64-Core Processor,2,,64,,
Palabos_anerusym,LBM,8,1,96,0,99,116923434,,,,778.981,0.0,0.0,,,,150285.0,0,0,,,,192.925,0,0,,,,1,AMD EPYC 9654 96-Core Processor,2,,96,,
Palabos_anerusym,LBM,8,1,128,0,99,34645796,,,,271.386,0.0,0.0,,,,56666.3,0,0,,,,208.803,0,0,,,,1,AMD EPYC 7H12 64-Core Processor,2,,64,,
Palabos_anerusym,LBM,8,1,192,0,99,34645796,,,,136.486,0.0,0.0,,,,35645.1,0,0,,,,261.163,0,0,,,,1,AMD EPYC 9654 96-Core Processor,2,,96,,
Palabos_anerusym,LBM,8,1,96,0,99,2217803,,,,31.6753,0.0,0.0,,,,6384.36,0,0,,,,201.557,0,0,,,,1,AMD EPYC 9654 96-Core Processor,2,,96,,
Palabos_anerusym,LBM,8,1,192,0,99,2217803,,,,12.8629,0.0,0.0,,,,3610.94,0,0,,,,280.726,0,0,,,,1,AMD EPYC 9654 96-Core Processor,2,,96,,
Palabos_anerusym,LBM,8,1,64,0,99,116923434,,,,1593.3,0.0,0.0,,,,235042.0,0,0,,,,147.519,0,0,,,,1,AMD EPYC 7H12 64-Core Processor,2,,64,,
Palabos_anerusym,LBM,8,1,64,0,99,2217803,,,,54.4893,0.0,0.0,,,,7223.91,0,0,,,,132.575,0,0,,,,1,AMD EPYC 7H12 64-Core Processor,2,,64,,
Palabos_anerusym,LBM,8,1,128,0,99,2217803,,,,28.6604,0.0,0.0,,,,6138.52,0,0,,,,214.181,0,0,,,,1,AMD EPYC 7H12 64-Core Processor,2,,64,,
Palabos_anerusym,LBM,8,1,128,0,99,2217803,,,,28.559,0.0,0.0,,,,6154.02,0,0,,,,215.484,0,0,,,,1,AMD EPYC 7H12 64-Core Processor,2,,64,,
Palabos_anerusym,LBM,8,1,96,0,99,116923434,,,,779.597,0.0,0.0,,,,153985.0,0,0,,,,197.519,0,0,,,,1,AMD EPYC 9654 96-Core Processor,2,,96,,
Palabos_anerusym,LBM,8,1,64,0,99,116923434,,,,1596.44,0.0,0.0,,,,235700.0,0,0,,,,147.641,0,0,,,,1,AMD EPYC 7H12 64-Core Processor,2,,64,,
Palabos_anerusym,LBM,8,1,64,0,99,2217803,,,,61.8968,0.0,0.0,,,,9217.29,0,0,,,,148.914,0,0,,,,1,AMD EPYC 7H12 64-Core Processor,2,,64,,
Palabos_anerusym,LBM,8,1,96,0,99,34645796,,,,287.723,0.0,0.0,,,,56567.5,0,0,,,,196.604,0,0,,,,1,AMD EPYC 9654 96-Core Processor,2,,96,,
Palabos_anerusym,LBM,8,1,128,0,99,34645796,,,,272.867,0.0,0.0,,,,56964.8,0,0,,,,208.764,0,0,,,,1,AMD EPYC 7H12 64-Core Processor,2,,64,,
Palabos_anerusym,LBM,8,1,96,0,99,2217803,,,,31.5308,0.0,0.0,,,,6367.26,0,0,,,,201.937,0,0,,,,1,AMD EPYC 9654 96-Core Processor,2,,96,,
Palabos_anerusym,LBM,8,1,64,0,99,116923434,,,,1581.95,0.0,0.0,,,,224542.0,0,0,,,,141.94,0,0,,,,1,AMD EPYC 7H12 64-Core Processor,2,,64,,
Palabos_anerusym,LBM,8,1,192,0,99,116923434,,,,382.635,0.0,0.0,,,,96134.7,0,0,,,,251.244,0,0,,,,1,AMD EPYC 9654 96-Core Processor,2,,96,,
Palabos_anerusym,LBM,8,1,192,0,99,34645796,,,,135.467,0.0,0.0,,,,35139.9,0,0,,,,259.398,0,0,,,,1,AMD EPYC 9654 96-Core Processor,2,,96,,
Palabos_anerusym,LBM,8,1,96,0,99,116923434,,,,790.681,0.0,0.0,,,,159234.0,0,0,,,,201.388,0,0,,,,1,AMD EPYC 9654 96-Core Processor,2,,96,,
Palabos_anerusym,LBM,8,1,192,0,99,116923434,,,,388.996,0.0,0.0,,,,97456.8,0,0,,,,250.534,0,0,,,,1,AMD EPYC 9654 96-Core Processor,2,,96,,
Palabos_anerusym,LBM,8,1,64,0,99,116923434,,,,1598.77,0.0,0.0,,,,234592.0,0,0,,,,146.733,0,0,,,,1,AMD EPYC 7H12 64-Core Processor,2,,64,,
Palabos_anerusym,LBM,8,1,96,0,99,34645796,,,,279.852,0.0,0.0,,,,56404.7,0,0,,,,201.552,0,0,,,,1,AMD EPYC 9654 96-Core Processor,2,,96,,
Palabos_anerusym,LBM,8,1,96,0,99,2217803,,,,30.6464,0.0,0.0,,,,6451.28,0,0,,,,210.507,0,0,,,,1,AMD EPYC 9654 96-Core Processor,2,,96,,
Palabos_anerusym,LBM,8,1,64,0,99,2217803,,,,60.6227,0.0,0.0,,,,9047.21,0,0,,,,149.238,0,0,,,,1,AMD EPYC 7H12 64-Core Processor,2,,64,,
Palabos_anerusym,LBM,8,1,192,0,99,116923434,,,,393.391,0.0,0.0,,,,97749.5,0,0,,,,248.479,0,0,,,,1,AMD EPYC 9654 96-Core Processor,2,,96,,
Palabos_anerusym,LBM,8,1,64,0,99,2217803,,,,58.9445,0.0,0.0,,,,8327.96,0,0,,,,141.285,0,0,,,,1,AMD EPYC 7H12 64-Core Processor,2,,64,,
Palabos_anerusym,LBM,8,1,64,0,99,116923434,,,,1590.69,0.0,0.0,,,,226384.0,0,0,,,,142.318,0,0,,,,1,AMD EPYC 7H12 64-Core Processor,2,,64,,
Palabos_anerusym,LBM,8,1,192,0,99,116923434,,,,384.632,0.0,0.0,,,,96556.5,0,0,,,,251.036,0,0,,,,1,AMD EPYC 9654 96-Core Processor,2,,96,,
Palabos_anerusym,LBM,8,1,192,0,99,2217803,,,,13.2589,0.0,0.0,,,,3742.14,0,0,,,,282.235,0,0,,,,1,AMD EPYC 9654 96-Core Processor,2,,96,,
Palabos_anerusym,LBM,8,1,192,0,99,116923434,,,,383.946,0.0,0.0,,,,98477.6,0,0,,,,256.489,0,0,,,,1,AMD EPYC 9654 96-Core Processor,2,,96,,
Palabos_anerusym,LBM,8,1,96,0,99,116923434,,,,790.846,0.0,0.0,,,,157090.0,0,0,,,,198.635,0,0,,,,1,AMD EPYC 9654 96-Core Processor,2,,96,,
Palabos_anerusym,LBM,8,1,96,0,99,116923434,,,,780.329,0.0,0.0,,,,159001.0,0,0,,,,203.761,0,0,,,,1,AMD EPYC 9654 96-Core Processor,2,,96,,
Palabos_anerusym,LBM,8,1,96,0,99,2217803,,,,31.025,0.0,0.0,,,,6319.51,0,0,,,,203.691,0,0,,,,1,AMD EPYC 9654 96-Core Processor,2,,96,,
Palabos_anerusym,LBM,8,1,128,0,99,116923434,,,,785.047,0.0,0.0,,,,162976.0,0,0,,,,207.6,0,0,,,,1,AMD EPYC 7H12 64-Core Processor,2,,64,,
Palabos_anerusym,LBM,8,1,128,0,99,2217803,,,,29.4148,0.0,0.0,,,,6356.21,0,0,,,,216.089,0,0,,,,1,AMD EPYC 7H12 64-Core Processor,2,,64,,
Palabos_anerusym,LBM,8,1,64,0,99,2217803,,,,58.586,0.0,0.0,,,,8282.32,0,0,,,,141.37,0,0,,,,1,AMD EPYC 7H12 64-Core Processor,2,,64,,
Palabos_anerusym,LBM,8,1,64,0,99,116923434,,,,1592.94,0.0,0.0,,,,224841.0,0,0,,,,141.149,0,0,,,,1,AMD EPYC 7H12 64-Core Processor,2,,64,,
Palabos_anerusym,LBM,8,1,64,0,99,34645796,,,,548.789,0.0,0.0,,,,77477.0,0,0,,,,141.178,0,0,,,,1,AMD EPYC 7H12 64-Core Processor,2,,64,,
Palabos_anerusym,LBM,8,1,64,0,99,116923434,,,,1597.83,0.0,0.0,,,,235704.0,0,0,,,,147.515,0,0,,,,1,AMD EPYC 7H12 64-Core Processor,2,,64,,
Palabos_anerusym,LBM,8,1,64,0,99,34645796,,,,547.657,0.0,0.0,,,,77754.2,0,0,,,,141.976,0,0,,,,1,AMD EPYC 7H12 64-Core Processor,2,,64,,
Palabos_anerusym,LBM,8,1,64,0,99,2217803,,,,58.9169,0.0,0.0,,,,9112.06,0,0,,,,154.66,0,0,,,,1,AMD EPYC 7H12 64-Core Processor,2,,64,,
Palabos_anerusym,LBM,8,1,96,0,99,2217803,,,,30.733,0.0,0.0,,,,6354.43,0,0,,,,206.763,0,0,,,,1,AMD EPYC 9654 96-Core Processor,2,,96,,
Palabos_anerusym,LBM,8,1,64,0,99,34645796,,,,552.664,0.0,0.0,,,,81707.7,0,0,,,,147.843,0,0,,,,1,AMD EPYC 7H12 64-Core Processor,2,,64,,
Palabos_anerusym,LBM,8,1,128,0,99,2217803,,,,28.4654,0.0,0.0,,,,5916.28,0,0,,,,207.841,0,0,,,,1,AMD EPYC 7H12 64-Core Processor,2,,64,,
Palabos_anerusym,LBM,8,1,64,0,99,34645796,,,,555.571,0.0,0.0,,,,82136.5,0,0,,,,147.842,0,0,,,,1,AMD EPYC 7H12 64-Core Processor,2,,64,,
Palabos_anerusym,LBM,8,1,192,0,99,34645796,,,,135.988,0.0,0.0,,,,35455.7,0,0,,,,260.726,0,0,,,,1,AMD EPYC 9654 96-Core Processor,2,,96,,
Palabos_anerusym,LBM,8,1,128,0,99,116923434,,,,783.732,0.0,0.0,,,,161514.0,0,0,,,,206.083,0,0,,,,1,AMD EPYC 7H12 64-Core Processor,2,,64,,
Palabos_anerusym,LBM,8,1,192,0,99,116923434,,,,392.456,0.0,0.0,,,,100729.0,0,0,,,,256.663,0,0,,,,1,AMD EPYC 9654 96-Core Processor,2,,96,,
Palabos_anerusym,LBM,8,1,64,0,99,116923434,,,,1585.11,0.0,0.0,,,,222699.0,0,0,,,,140.494,0,0,,,,1,AMD EPYC 7H12 64-Core Processor,2,,64,,
Palabos_anerusym,LBM,8,1,192,0,99,34645796,,,,138.572,0.0,0.0,,,,36290.9,0,0,,,,261.892,0,0,,,,1,AMD EPYC 9654 96-Core Processor,2,,96,,
Palabos_anerusym,LBM,8,1,64,0,99,34645796,,,,548.255,0.0,0.0,,,,78148.0,0,0,,,,142.539,0,0,,,,1,AMD EPYC 7H12 64-Core Processor,2,,64,,
Palabos_anerusym,LBM,8,1,128,0,99,116923434,,,,798.221,0.0,0.0,,,,168670.0,0,0,,,,211.307,0,0,,,,1,AMD EPYC 7H12 64-Core Processor,2,,64,,
Palabos_anerusym,LBM,8,1,128,0,99,2217803,,,,30.4708,0.0,0.0,,,,6514.87,0,0,,,,213.807,0,0,,,,1,AMD EPYC 7H12 64-Core Processor,2,,64,,
Palabos_anerusym,LBM,8,1,64,0,99,34645796,,,,575.899,0.0,0.0,,,,85271.5,0,0,,,,148.067,0,0,,,,1,AMD EPYC 7H12 64-Core Processor,2,,64,,
Palabos_anerusym,LBM,8,1,128,0,99,34645796,,,,271.287,0.0,0.0,,,,57947.1,0,0,,,,213.601,0,0,,,,1,AMD EPYC 7H12 64-Core Processor,2,,64,,
Palabos_anerusym,LBM,8,1,128,0,99,34645796,,,,270.9,0.0,0.0,,,,56422.4,0,0,,,,208.278,0,0,,,,1,AMD EPYC 7H12 64-Core Processor,2,,64,,
Palabos_anerusym,LBM,8,1,96,0,99,34645796,,,,273.901,0.0,0.0,,,,55761.1,0,0,,,,203.581,0,0,,,,1,AMD EPYC 9654 96-Core Processor,2,,96,,
Palabos_anerusym,LBM,8,1,128,0,99,116923434,,,,777.012,0.0,0.0,,,,159425.0,0,0,,,,205.178,0,0,,,,1,AMD EPYC 7H12 64-Core Processor,2,,64,,
Palabos_anerusym,LBM,8,1,128,0,99,2217803,,,,28.6949,0.0,0.0,,,,6090.17,0,0,,,,212.239,0,0,,,,1,AMD EPYC 7H12 64-Core Processor,2,,64,,
Palabos_anerusym,LBM,8,1,192,0,99,34645796,,,,135.468,0.0,0.0,,,,34169.4,0,0,,,,252.233,0,0,,,,1,AMD EPYC 9654 96-Core Processor,2,,96,,
Palabos_anerusym,LBM,8,1,128,0,99,2217803,,,,29.0218,0.0,0.0,,,,6279.54,0,0,,,,216.373,0,0,,,,1,AMD EPYC 7H12 64-Core Processor,2,,64,,
Palabos_anerusym,LBM,8,1,192,0,99,2217803,,,,13.2395,0.0,0.0,,,,3716.09,0,0,,,,280.683,0,0,,,,1,AMD EPYC 9654 96-Core Processor,2,,96,,
Palabos_anerusym,LBM,8,1,128,0,99,116923434,,,,788.728,0.0,0.0,,,,164255.0,0,0,,,,208.253,0,0,,,,1,AMD EPYC 7H12 64-Core Processor,2,,64,,
Palabos_anerusym,LBM,8,1,192,0,99,2217803,,,,13.2357,0.0,0.0,,,,3786.93,0,0,,,,286.116,0,0,,,,1,AMD EPYC 9654 96-Core Processor,2,,96,,
Palabos_anerusym,LBM,8,1,96,0,99,116923434,,,,796.441,0.0,0.0,,,,164263.0,0,0,,,,206.246,0,0,,,,1,AMD EPYC 9654 96-Core Processor,2,,96,,
Palabos_anerusym,LBM,8,1,128,0,99,34645796,,,,278.416,0.0,0.0,,,,60149.4,0,0,,,,216.041,0,0,,,,1,AMD EPYC 7H12 64-Core Processor,2,,64,,
Palabos_anerusym,LBM,8,1,128,0,99,34645796,,,,283.466,0.0,0.0,,,,60248.9,0,0,,,,212.544,0,0,,,,1,AMD EPYC 7H12 64-Core Processor,2,,64,,
xgemm,gpublas,4,1,0,0,0,2000,0.112138,,,0.100062,3.40776e-12,1.84601e-06,0.0120759,7.69272e-05,0.00877082,0.0,0,0,1.06445,0.585033,0.764875,0.0,0,0,88.2898,0.130121,0.360723,20,AMD EPYC 9334 32-Core Processor,2,NVIDIA H100,32,88.2898,1.06445
xgemm,gputhread,4,1,0,0,0,4000,0.110149,,,0.100087,6.22202e-11,7.88798e-06,0.0100618,6.0875e-12,2.46729e-06,0.0,0,0,0.913672,5.78308e-05,0.00760466,0.0,0,0,90.8064,0.55931,0.74787,20,AMD EPYC 9334 32-Core Processor,2,NVIDIA H100,32,90.8064,0.913672
xgemm,gpublas,8,1,0,0,0,10,0.113193,,,0.100094,2.75847e-12,1.66086e-06,0.013099,0.000173433,0.0131694,0.0,0,0,0.696289,0.529194,0.727458,0.0,0,0,52.6474,0.284768,0.533637,20,Intel(R) Xeon(R) Platinum 8360Y CPU @ 2.40GHz,2,NVIDIA A100-SXM4-40GB,36,52.6474,0.696289
xgemm,gpublas,4,1,0,0,0,10,0.112645,,,0.100066,7.07971e-12,2.66077e-06,0.0125789,0.000120265,0.0109666,0.0,0,0,1.15391,1.00132,1.00066,0.0,0,0,91.8301,0.262898,0.512736,20,AMD EPYC 9334 32-Core Processor,2,NVIDIA H100,32,91.8301,1.15391
xgemm,gputhread,4,1,0,0,0,1000,0.110136,,,0.100072,3.66583e-11,6.05461e-06,0.010064,2.35475e-11,4.85258e-06,0.0,0,0,0.901172,2.60925e-05,0.00510808,0.0,0,0,89.5437,0.266591,0.516325,20,AMD EPYC 9334 32-Core Processor,2,NVIDIA H100,32,89.5437,0.901172
xgemm,gpublas,4,1,0,0,0,10000,0.562267,,,0.280167,0.00160191,0.0400238,0.2821,9.58301e-05,0.00978928,0.0,0,0,24.8617,18.0181,4.24478,0.0,0,0,88.2623,243.675,15.6101,20,Intel(R) Xeon(R) Platinum 8360Y CPU @ 2.40GHz,2,NVIDIA A100-SXM4-40GB,36,88.2623,24.8617
xgemm,gpublas,4,1,0,0,0,40000,7.30799,,,3.65279,0.0125219,0.111901,3.6552,0.0143666,0.119861,0.0,0,0,1209.71,408.285,20.2061,0.0,0,0,331.166,59.4306,7.70913,20,AMD EPYC 9334 32-Core Processor,2,NVIDIA H100,32,331.166,1209.71
xgemm,gpublas,4,1,0,0,0,20000,3.34407,,,1.67098,0.0311365,0.176455,1.67309,0.0266646,0.163293,0.0,0,0,224.571,185.606,13.6237,0.0,0,0,134.641,29.3394,5.41659,20,Intel(R) Xeon(R) Platinum 8360Y CPU @ 2.40GHz,2,NVIDIA A100-SXM4-40GB,36,134.641,224.571
xgemm,gpublas,8,1,0,0,0,100,0.114167,,,0.100076,4.62768e-11,6.80271e-06,0.0140912,0.000307891,0.0175468,0.0,0,0,1.28047,2.53941,1.59355,0.0,0,0,90.8885,0.285315,0.534149,20,AMD EPYC 9334 32-Core Processor,2,NVIDIA H100,32,90.8885,1.28047
xgemm,gputhread,8,1,0,0,0,100,0.110116,,,0.100059,4.34852e-13,6.59433e-07,0.010057,2.0475e-12,1.43091e-06,0.0,0,0,0.536328,2.60925e-05,0.00510808,0.0,0,0,53.3291,0.256687,0.506643,20,Intel(R) Xeon(R) Platinum 8360Y CPU @ 2.40GHz,2,NVIDIA A100-SXM4-40GB,36,53.3291,0.536328
xgemm,gputhread,4,1,0,0,0,8000,0.186049,,,0.100059,1.88209e-12,1.37189e-06,0.0859905,2.50263e-05,0.00500263,0.0,0,0,4.75117,0.0727602,0.269741,0.0,0,0,55.2578,0.113072,0.336261,20,Intel(R) Xeon(R) Platinum 8360Y CPU @ 2.40GHz,2,NVIDIA A100-SXM4-40GB,36,55.2578,4.75117
xgemm,gpublas,4,1,0,0,0,100,0.113634,,,0.100057,1.08841e-12,1.04327e-06,0.0135766,0.00023542,0.0153434,0.0,0,0,0.73125,0.722965,0.850274,0.0,0,0,53.4086,0.188285,0.433918,20,Intel(R) Xeon(R) Platinum 8360Y CPU @ 2.40GHz,2,NVIDIA A100-SXM4-40GB,36,53.4086,0.73125
xgemm,gpublas,4,1,0,0,0,10000,0.559758,,,0.280167,0.00160193,0.0400241,0.279591,0.000117312,0.0108311,0.0,0,0,24.6387,17.6126,4.19674,0.0,0,0,87.9938,185.46,13.6184,20,Intel(R) Xeon(R) Platinum 8360Y CPU @ 2.40GHz,2,NVIDIA A100-SXM4-40GB,36,87.9938,24.6387
xgemm,gpublas,8,1,0,0,0,4000,0.118698,,,0.100078,2.09711e-11,4.57942e-06,0.0186206,0.000377644,0.0194331,0.0,0,0,1.87266,3.30793,1.81877,0.0,0,0,102.831,570.621,23.8877,20,AMD EPYC 9334 32-Core Processor,2,NVIDIA H100,32,102.831,1.87266
xgemm,gpublas,4,1,0,0,0,10,0.112627,,,0.100057,8.64588e-13,9.29832e-07,0.01257,0.000120109,0.0109594,0.0,0,0,0.674805,0.3651,0.604235,0.0,0,0,53.397,0.136209,0.369066,20,Intel(R) Xeon(R) Platinum 8360Y CPU @ 2.40GHz,2,NVIDIA A100-SXM4-40GB,36,53.397,0.674805
xgemm,gputhread,8,1,0,0,0,4000,0.144819,,,0.100059,1.02588e-12,1.01286e-06,0.0447596,2.50344e-05,0.00500344,0.0,0,0,2.39922,0.0744592,0.272872,0.0,0,0,53.5935,0.294116,0.542325,20,Intel(R) Xeon(R) Platinum 8360Y CPU @ 2.40GHz,2,NVIDIA A100-SXM4-40GB,36,53.5935,2.39922
xgemm,gpublas,8,1,0,0,0,20000,4.40371,,,2.20128,0.0650765,0.255101,2.20243,0.0647185,0.254398,0.0,0,0,325.994,175.059,13.231,0.0,0,0,149.146,113.014,10.6308,20,Intel(R) Xeon(R) Platinum 8360Y CPU @ 2.40GHz,2,NVIDIA A100-SXM4-40GB,36,149.146,325.994
xgemm,gpublas,8,1,0,0,0,2000,0.114137,,,0.100057,2.35957e-12,1.53609e-06,0.01408,0.000125423,0.0111992,0.0,0,0,0.784961,0.396947,0.630038,0.0,0,0,55.4966,2.30879,1.51947,20,Intel(R) Xeon(R) Platinum 8360Y CPU @ 2.40GHz,2,NVIDIA A100-SXM4-40GB,36,55.4966,0.784961
xgemm,gputhread,8,1,0,0,0,2000,0.11015,,,0.100083,6.03295e-11,7.76721e-06,0.0100665,7.9475e-12,2.81913e-06,0.0,0,0,0.930859,3.2196e-05,0.00567416,0.0,0,0,92.4706,0.330912,0.575249,20,AMD EPYC 9334 32-Core Processor,2,NVIDIA H100,32,92.4706,0.930859
xgemm,gpublas,4,1,0,0,0,10000,0.550219,,,0.275162,0.00187731,0.0433279,0.275056,0.000235367,0.0153417,0.0,0,0,23.7777,14.2014,3.76848,0.0,0,0,86.6194,201.128,14.182,20,Intel(R) Xeon(R) Platinum 8360Y CPU @ 2.40GHz,2,NVIDIA A100-SXM4-40GB,36,86.6194,23.7777
xgemm,gputhread,8,1,0,0,0,40000,2.36006,,,1.18078,0.00160208,0.0400259,1.17928,1.62487e-05,0.00403097,0.0,0,0,113.922,7.27547,2.69731,0.0,0,0,96.6053,5.52986,2.35157,20,AMD EPYC 9334 32-Core Processor,2,NVIDIA H100,32,96.6053,113.922
xgemm,gpublas,8,1,0,0,0,8000,0.185614,,,0.100076,1.09361e-11,3.30698e-06,0.0855377,0.000329111,0.0181414,0.0,0,0,11.1617,54.7005,7.39598,0.0,0,0,130.937,7021.8,83.7962,20,AMD EPYC 9334 32-Core Processor,2,NVIDIA H100,32,130.937,11.1617
xgemm,gpublas,4,1,0,0,0,1000,0.114191,,,0.100089,1.05776e-10,1.02847e-05,0.0141017,0.000307911,0.0175474,0.0,0,0,0.749219,0.911248,0.954593,0.0,0,0,52.7011,0.279084,0.528284,20,Intel(R) Xeon(R) Platinum 8360Y CPU @ 2.40GHz,2,NVIDIA A100-SXM4-40GB,36,52.7011,0.749219
xgemm,gputhread,4,1,0,0,0,8000,0.123736,,,0.100081,6.47724e-11,8.04813e-06,0.0236552,2.30171e-05,0.00479761,0.0,0,0,2.09805,0.178268,0.422218,0.0,0,0,88.7216,0.649758,0.806076,20,AMD EPYC 9334 32-Core Processor,2,NVIDIA H100,32,88.7216,2.09805
xgemm,gpublas,4,1,0,0,0,100,0.112184,,,0.100092,7.65981e-11,8.75203e-06,0.0120917,7.69602e-05,0.0087727,0.0,0,0,0.635547,0.213265,0.461806,0.0,0,0,52.5483,0.135587,0.368222,20,Intel(R) Xeon(R) Platinum 8360Y CPU @ 2.40GHz,2,NVIDIA A100-SXM4-40GB,36,52.5483,0.635547
xgemm,gputhread,8,1,0,0,0,100,0.110127,,,0.100063,2.82171e-12,1.67979e-06,0.0100639,7.2275e-12,2.6884e-06,0.0,0,0,0.889453,1.9989e-05,0.00447091,0.0,0,0,88.381,0.19759,0.444511,20,AMD EPYC 9334 32-Core Processor,2,NVIDIA H100,32,88.381,0.889453
xgemm,gpublas,4,1,0,0,0,10000,0.544206,,,0.270158,0.00210244,0.0458523,0.274048,0.000120084,0.0109583,0.0,0,0,23.043,16.8486,4.1047,0.0,0,0,84.2442,242.881,15.5847,20,Intel(R) Xeon(R) Platinum 8360Y CPU @ 2.40GHz,2,NVIDIA A100-SXM4-40GB,36,84.2442,23.043
xgemm,gputhread,8,1,0,0,0,4000,0.11365,,,0.100067,2.08983e-11,4.57147e-06,0.0135832,2.30416e-05,0.00480016,0.0,0,0,1.25156,0.198331,0.445344,0.0,0,0,92.0716,0.487571,0.698263,20,AMD EPYC 9334 32-Core Processor,2,NVIDIA H100,32,92.0716,1.25156
xgemm,gputhread,8,1,0,0,0,10,0.110112,,,0.100056,6.89369e-13,8.30282e-07,0.010056,1e-12,1e-06,0.0,0,0,0.55332,2.63596e-05,0.00513416,0.0,0,0,55.0239,0.260016,0.509918,20,Intel(R) Xeon(R) Platinum 8360Y CPU @ 2.40GHz,2,NVIDIA A100-SXM4-40GB,36,55.0239,0.55332
xgemm,gpublas,4,1,0,0,0,100,0.111624,,,0.100058,1.22711e-12,1.10775e-06,0.0115652,4.32276e-05,0.00657477,0.0,0,0,0.620313,0.135806,0.368518,0.0,0,0,53.3782,0.345622,0.587897,20,Intel(R) Xeon(R) Platinum 8360Y CPU @ 2.40GHz,2,NVIDIA A100-SXM4-40GB,36,53.3782,0.620313
xgemm,gpublas,4,72,0,0,0,100,,,,0.130134,0.012125,0.110114,0.125422,0.0119587,0.109356,0.0,0,0,5.12974,19.6152,4.42891,0.0,0,0,40.9792,0.00824994,0.0908292,20,Intel(R) Xeon(R) Platinum 8360Y CPU @ 2.40GHz,2,Instinct MI210,36,,
xgemm,cblas,4,1,0,0,99,10,0.110115,,,0.100058,1.68825e-12,1.29933e-06,0.0100565,1.35e-12,1.1619e-06,0.0,0,0,0.557031,1.89209e-05,0.00434982,0.0,0,0,55.3902,0.186047,0.431331,20,Intel(R) Xeon(R) Platinum 8360Y CPU @ 2.40GHz,2,NVIDIA A100-SXM4-40GB,36,55.3902,0.557031
xgemm,gputhread,8,72,0,0,0,20000,,,,0.425381,0.00488445,0.0698888,0.421401,0.00462809,0.06803,0.0,0,0,22.7206,4.90968,2.21578,0.0,0,0,54.4179,22.147,4.70606,20,Intel(R) Xeon(R) Platinum 8360Y CPU @ 2.40GHz,2,Instinct MI210,36,,
xgemm,gputhread,4,1,0,0,0,10,0.110116,,,0.100059,1.20167e-12,1.09621e-06,0.0100568,1.8275e-12,1.35185e-06,0.0,0,0,0.559277,1.00231e-05,0.00316593,0.0,0,0,55.6116,0.0993819,0.315249,20,Intel(R) Xeon(R) Platinum 8360Y CPU @ 2.40GHz,2,NVIDIA A100-SXM4-40GB,36,55.6116,0.559277
xgemm,gputhread,8,72,0,0,0,1000,,,,0.125126,0.00789198,0.0888368,0.120408,0.0076507,0.0874683,0.0,0,0,4.92919,12.6266,3.5534,0.0,0,0,40.985,0.0042753,0.0653858,20,Intel(R) Xeon(R) Platinum 8360Y CPU @ 2.40GHz,2,Instinct MI210,36,,
xgemm,gputhread,8,72,0,0,0,10,,,,0.115121,0.00428392,0.0654517,0.115383,0.00430438,0.0656078,0.0,0,0,5.07184,9.09176,3.01525,0.0,0,0,43.7437,0.591361,0.769,20,Intel(R) Xeon(R) Platinum 8360Y CPU @ 2.40GHz,2,Instinct MI210,36,,
xgemm,gpublas,8,72,0,0,0,20000,,,,1.06595,0.00829055,0.0910525,1.06859,0.0083253,0.0912431,0.0,0,0,198.44,685.021,26.1729,0.0,0,0,187.737,837.772,28.9443,20,Intel(R) Xeon(R) Platinum 8360Y CPU @ 2.40GHz,2,Instinct MI210,36,,
xgemm,gpublas,8,72,0,0,0,1000,,,,0.125127,0.0119001,0.109087,0.125418,0.0119556,0.109342,0.0,0,0,5.1296,19.6103,4.42835,0.0,0,0,40.9792,0.00824596,0.0908073,20,Intel(R) Xeon(R) Platinum 8360Y CPU @ 2.40GHz,2,Instinct MI210,36,,
xgemm,gpublas,8,72,0,0,0,10,,,,0.120125,0.00761526,0.0872655,0.120409,0.00765288,0.0874808,0.0,0,0,4.93678,12.8645,3.58671,0.0,0,0,41.0,2.06545e-09,4.54472e-05,20,Intel(R) Xeon(R) Platinum 8360Y CPU @ 2.40GHz,2,Instinct MI210,36,,
xgemm,gputhread,4,72,0,0,0,20000,,,,0.24021,0.00540911,0.0735466,0.235812,0.00531535,0.0729065,0.0,0,0,12.0313,7.52101,2.74245,0.0,0,0,51.8792,24.2258,4.92197,20,Intel(R) Xeon(R) Platinum 8360Y CPU @ 2.40GHz,2,Instinct MI210,36,,
xgemm,gpublas,4,72,0,0,0,1000,,,,0.12513,0.0118997,0.109086,0.125423,0.0119597,0.10936,0.0,0,0,5.13481,19.8109,4.45095,0.0,0,0,40.9875,0.00297085,0.0545055,20,Intel(R) Xeon(R) Platinum 8360Y CPU @ 2.40GHz,2,Instinct MI210,36,,
xgemm,gpublas,4,72,0,0,0,10000,,,,0.130118,0.0121245,0.110112,0.125421,0.0119612,0.109367,0.0,0,0,9.55188,14.2572,3.77587,0.0,0,0,84.9708,328.479,18.124,20,Intel(R) Xeon(R) Platinum 8360Y CPU @ 2.40GHz,2,Instinct MI210,36,,
xgemm,gpublas,4,72,0,0,0,20000,,,,0.620549,0.0046087,0.0678874,0.627096,0.00792253,0.0890086,0.0,0,0,109.254,353.071,18.7902,0.0,0,0,177.965,1252.49,35.3905,20,Intel(R) Xeon(R) Platinum 8360Y CPU @ 2.40GHz,2,Instinct MI210,36,,
xgemm,gpublas,4,72,0,0,0,40000,,,,4.52402,0.00561128,0.0749085,4.52023,0.00651824,0.0807356,0.0,0,0,1134.4,4686.57,68.4585,0.0,0,0,251.213,305.088,17.4668,20,Intel(R) Xeon(R) Platinum 8360Y CPU @ 2.40GHz,2,Instinct MI210,36,,
xgemm,gpublas,4,72,0,0,0,10,,,,0.125127,0.0118998,0.109086,0.125434,0.011965,0.109385,0.0,0,0,5.12523,19.4323,4.40821,0.0,0,0,40.9708,0.0161589,0.127118,20,Intel(R) Xeon(R) Platinum 8360Y CPU @ 2.40GHz,2,Instinct MI210,36,,
xgemm,gpublas,4,1,0,0,0,8000,0.152404,,,0.100077,3.71421e-11,6.09443e-06,0.0523269,0.00012757,0.0112947,0.0,0,0,5.50039,1.78287,1.33524,0.0,0,0,105.913,431.092,20.7628,20,AMD EPYC 9334 32-Core Processor,2,NVIDIA H100,32,105.913,5.50039
xgemm,gpublas,4,72,0,0,0,100,,,,0.120125,0.00761571,0.087268,0.120404,0.007652,0.0874757,0.0,0,0,4.92403,12.4739,3.53183,0.0,0,0,40.975,0.0118745,0.10897,20,Intel(R) Xeon(R) Platinum 8360Y CPU @ 2.40GHz,2,Instinct MI210,36,,
xgemm,gpublas,4,72,0,0,0,20000,,,,0.64058,0.0124254,0.111469,0.642149,0.0124852,0.111737,0.0,0,0,110.327,320.016,17.889,0.0,0,0,176.839,1286.37,35.8659,20,Intel(R) Xeon(R) Platinum 8360Y CPU @ 2.40GHz,2,Instinct MI210,36,,
xgemm,gpublas,4,72,0,0,0,40000,,,,4.52404,0.00961641,0.0980633,4.52524,0.00594111,0.0770786,0.0,0,0,1135.71,4666.25,68.3099,0.0,0,0,251.229,307.446,17.5341,20,Intel(R) Xeon(R) Platinum 8360Y CPU @ 2.40GHz,2,Instinct MI210,36,,
xgemm,gputhread,4,72,0,0,0,10,,,,0.125131,0.00789067,0.0888294,0.120411,0.00765435,0.0874892,0.0,0,0,5.27302,15.7674,3.97082,0.0,0,0,43.55,0.447484,0.668942,20,Intel(R) Xeon(R) Platinum 8360Y CPU @ 2.40GHz,2,Instinct MI210,36,,
xgemm,gputhread,4,72,0,0,0,100,,,,0.115116,0.00428411,0.0654531,0.115395,0.00430696,0.0656275,0.0,0,0,4.72871,7.18126,2.67979,0.0,0,0,40.9937,0.000742462,0.0272482,20,Intel(R) Xeon(R) Platinum 8360Y CPU @ 2.40GHz,2,Instinct MI210,36,,
xgemm,gputhread,4,72,0,0,0,1000,,,,0.125129,0.00789371,0.0888466,0.120431,0.00765511,0.0874935,0.0,0,0,4.92763,12.5563,3.54349,0.0,0,0,40.98,0.00759981,0.0871769,20,Intel(R) Xeon(R) Platinum 8360Y CPU @ 2.40GHz,2,Instinct MI210,36,,
xgemm,gputhread,4,72,0,0,0,10000,,,,0.125117,0.0078913,0.088833,0.120411,0.00765551,0.0874958,0.0,0,0,5.32816,11.5486,3.39832,0.0,0,0,45.08,4.25655,2.06314,20,Intel(R) Xeon(R) Platinum 8360Y CPU @ 2.40GHz,2,Instinct MI210,36,,
xgemm,gputhread,4,72,0,0,0,40000,,,,0.820726,0.00460902,0.0678898,0.822799,0.00462905,0.0680371,0.0,0,0,49.6039,6.348,2.51952,0.0,0,0,60.5755,20.2174,4.49637,20,Intel(R) Xeon(R) Platinum 8360Y CPU @ 2.40GHz,2,Instinct MI210,36,,
xgemm,gpublas,8,72,0,0,0,100,,,,0.12513,0.00789129,0.0888329,0.120401,0.0076558,0.0874974,0.0,0,0,4.93391,12.791,3.57645,0.0,0,0,40.995,0.000475685,0.0218102,20,Intel(R) Xeon(R) Platinum 8360Y CPU @ 2.40GHz,2,Instinct MI210,36,,
xgemm,gpublas,8,72,0,0,0,10000,,,,0.185166,0.00728883,0.0853747,0.180621,0.00765756,0.0875075,0.0,0,0,16.0545,29.7981,5.45876,0.0,0,0,93.9774,430.597,20.7508,20,Intel(R) Xeon(R) Platinum 8360Y CPU @ 2.40GHz,2,Instinct MI210,36,,
xgemm,gpublas,8,72,0,0,0,40000,,,,6.57085,0.00628482,0.0792769,6.57214,0.00553423,0.0743924,0.0,0,0,1582.45,4910.65,70.076,0.0,0,0,240.888,148.45,12.184,20,Intel(R) Xeon(R) Platinum 8360Y CPU @ 2.40GHz,2,Instinct MI210,36,,
xgemm,gputhread,8,72,0,0,0,100,,,,0.115119,0.00428401,0.0654523,0.115391,0.00430409,0.0656056,0.0,0,0,4.76113,7.70153,2.77516,0.0,0,0,41.15,0.1275,0.357072,20,Intel(R) Xeon(R) Platinum 8360Y CPU @ 2.40GHz,2,Instinct MI210,36,,
xgemm,gputhread,8,72,0,0,0,10000,,,,0.135131,0.00829349,0.0910686,0.135453,0.00833573,0.0913002,0.0,0,0,6.32609,12.9851,3.60349,0.0,0,0,47.8425,10.0738,3.17392,20,Intel(R) Xeon(R) Platinum 8360Y CPU @ 2.40GHz,2,Instinct MI210,36,,
xgemm,gputhread,8,72,0,0,0,40000,,,,1.64648,0.0455607,0.213449,1.64553,0.0376472,0.194029,0.0,0,0,97.6962,36.5707,6.04737,0.0,0,0,59.7044,10.6345,3.26106,20,Intel(R) Xeon(R) Platinum 8360Y CPU @ 2.40GHz,2,Instinct MI210,36,,
xgemm,gpublas,4,72,0,0,0,1000,,,,0.12513,0.0119004,0.109089,0.125422,0.0119556,0.109342,0.0,0,0,5.13476,19.8043,4.45021,0.0,0,0,40.9875,0.00296914,0.0544898,20,Intel(R) Xeon(R) Platinum 8360Y CPU @ 2.40GHz,2,Instinct MI210,36,,
xgemm,gpublas,8,1,0,0,0,20000,1.22316,,,0.610386,0.000901159,0.0300193,0.612776,0.0003738,0.0193339,0.0,0,0,208.222,814.91,28.5466,0.0,0,0,339.632,1975.37,44.4451,20,AMD EPYC 9334 32-Core Processor,2,NVIDIA H100,32,339.632,208.222
xgemm,gputhread,8,1,0,0,0,1000,0.110116,,,0.100059,6.39716e-12,2.52926e-06,0.0100572,8.6e-13,9.27362e-07,0.0,0,0,0.553125,2.04468e-05,0.00452181,0.0,0,0,54.9979,0.201199,0.448552,20,Intel(R) Xeon(R) Platinum 8360Y CPU @ 2.40GHz,2,NVIDIA A100-SXM4-40GB,36,54.9979,0.553125
xgemm,gputhread,4,1,0,0,0,20000,0.299529,,,0.150096,0.00250325,0.0500325,0.149433,1.29157e-05,0.00359384,0.0,0,0,13.6488,0.189468,0.435279,0.0,0,0,91.3283,2.05832,1.43468,20,AMD EPYC 9334 32-Core Processor,2,NVIDIA H100,32,91.3283,13.6488
xgemm,gputhread,8,1,0,0,0,10,0.110137,,,0.100075,2.49833e-11,4.99832e-06,0.010062,5.6e-12,2.36643e-06,0.0,0,0,0.912109,0.000121307,0.011014,0.0,0,0,90.6489,1.19275,1.09213,20,AMD EPYC 9334 32-Core Processor,2,NVIDIA H100,32,90.6489,0.912109
xgemm,gpublas,4,1,0,0,0,40000,22.4943,,,11.2465,0.0024016,0.0490061,11.2477,0.000136054,0.0116642,0.0,0,0,1770.93,90.7908,9.52842,0.0,0,0,157.448,0.815436,0.903015,20,Intel(R) Xeon(R) Platinum 8360Y CPU @ 2.40GHz,2,NVIDIA A100-SXM4-40GB,36,157.448,1770.93
xgemm,gpublas,8,1,0,0,0,2000,0.113145,,,0.100067,3.67243e-11,6.06005e-06,0.0130773,0.000173026,0.0131539,0.0,0,0,1.15469,1.37905,1.17433,0.0,0,0,88.0581,0.240302,0.490206,20,AMD EPYC 9334 32-Core Processor,2,NVIDIA H100,32,88.0581,1.15469
xgemm,gpublas,4,1,0,0,0,4000,0.1198,,,0.100136,6.53505e-09,8.08396e-05,0.0196642,0.000462402,0.0215035,0.0,0,0,1.83867,3.92473,1.98109,0.0,0,0,94.0152,3.84977,1.96208,20,AMD EPYC 9334 32-Core Processor,2,NVIDIA H100,32,94.0152,1.83867
xgemm,gpublas,4,1,0,0,0,1000,0.112629,,,0.100058,8.99689e-13,9.48519e-07,0.0125713,0.000120108,0.0109594,0.0,0,0,0.697266,0.386291,0.621523,0.0,0,0,55.2191,0.561546,0.749363,20,Intel(R) Xeon(R) Platinum 8360Y CPU @ 2.40GHz,2,NVIDIA A100-SXM4-40GB,36,55.2191,0.697266
xgemm,gputhread,8,1,0,0,0,10000,0.175068,,,0.100083,2.89758e-11,5.38292e-06,0.0749855,2.50395e-05,0.00500395,0.0,0,0,6.70703,0.22291,0.472133,0.0,0,0,89.4385,3.04239,1.74425,20,AMD EPYC 9334 32-Core Processor,2,NVIDIA H100,32,89.4385,6.70703
xgemm,gputhread,8,1,0,0,0,40000,8.52618,,,4.26244,0.00240277,0.049018,4.26374,2.03652e-06,0.00142707,0.0,0,0,239.747,4.12866,2.03191,0.0,0,0,56.2292,0.223969,0.473254,20,Intel(R) Xeon(R) Platinum 8360Y CPU @ 2.40GHz,2,NVIDIA A100-SXM4-40GB,36,56.2292,239.747
xgemm,gpublas,4,1,0,0,0,10000,0.549218,,,0.275162,0.00187722,0.0433269,0.274056,0.00012011,0.0109595,0.0,0,0,23.9641,12.5409,3.54131,0.0,0,0,87.7203,196.923,14.0329,20,Intel(R) Xeon(R) Platinum 8360Y CPU @ 2.40GHz,2,NVIDIA A100-SXM4-40GB,36,87.7203,23.9641
xgemm,gpublas,8,1,0,0,0,10,0.112646,,,0.100069,1.34463e-11,3.66692e-06,0.012577,0.000120245,0.0109656,0.0,0,0,1.14336,0.977596,0.988734,0.0,0,0,91.0557,0.153787,0.392156,20,AMD EPYC 9334 32-Core Processor,2,NVIDIA H100,32,91.0557,1.14336
xgemm,gputhread,4,1,0,0,0,20000,1.14184,,,0.570345,0.0021025,0.045853,0.571493,1.35997e-05,0.00368777,0.0,0,0,31.1537,0.140929,0.375405,0.0,0,0,54.5134,0.371355,0.609389,20,Intel(R) Xeon(R) Platinum 8360Y CPU @ 2.40GHz,2,NVIDIA A100-SXM4-40GB,36,54.5134,31.1537
xgemm,gputhread,8,1,0,0,0,8000,0.348089,,,0.175103,0.0018772,0.0433267,0.172986,1.61858e-05,0.00402315,0.0,0,0,9.6209,0.0445182,0.210993,0.0,0,0,55.6192,0.108102,0.328789,20,Intel(R) Xeon(R) Platinum 8360Y CPU @ 2.40GHz,2,NVIDIA A100-SXM4-40GB,36,55.6192,9.6209
xgemm,gpublas,4,1,0,0,0,10000,0.550721,,,0.275163,0.00187717,0.0433263,0.275558,0.000125392,0.0111978,0.0,0,0,23.7441,17.7344,4.21123,0.0,0,0,86.2933,248.342,15.7589,20,Intel(R) Xeon(R) Platinum 8360Y CPU @ 2.40GHz,2,NVIDIA A100-SXM4-40GB,36,86.2933,23.7441
xgemm,gpublas,4,1,0,0,0,100,0.112128,,,0.100059,7.83871e-13,8.85365e-07,0.0120686,7.68884e-05,0.0087686,0.0,0,0,0.648047,0.23602,0.485819,0.0,0,0,53.4378,0.25031,0.50031,20,Intel(R) Xeon(R) Platinum 8360Y CPU @ 2.40GHz,2,NVIDIA A100-SXM4-40GB,36,53.4378,0.648047
xgemm,gpublas,4,1,0,0,0,2000,0.112628,,,0.100057,1.69095e-12,1.30037e-06,0.0125702,0.000120108,0.0109594,0.0,0,0,0.692187,0.374435,0.611911,0.0,0,0,54.9136,0.223754,0.473027,20,Intel(R) Xeon(R) Platinum 8360Y CPU @ 2.40GHz,2,NVIDIA A100-SXM4-40GB,36,54.9136,0.692187
xgemm,gpublas,8,1,0,0,0,10000,0.239376,,,0.120102,0.00160266,0.0400332,0.119274,0.000296699,0.017225,0.0,0,0,21.4816,206.521,14.3708,0.0,0,0,182.7,14771.4,121.538,20,AMD EPYC 9334 32-Core Processor,2,NVIDIA H100,32,182.7,21.4816
xgemm,gputhread,8,1,0,0,0,10000,0.539193,,,0.270159,0.00210252,0.0458532,0.269033,1.89784e-05,0.00435642,0.0,0,0,15.0455,0.0706517,0.265804,0.0,0,0,55.9233,0.0473858,0.217683,20,Intel(R) Xeon(R) Platinum 8360Y CPU @ 2.40GHz,2,NVIDIA A100-SXM4-40GB,36,55.9233,15.0455
xgemm,gpublas,4,1,0,0,0,100,0.112163,,,0.100084,4.61766e-11,6.79534e-06,0.0120791,7.69748e-05,0.00877353,0.0,0,0,1.09844,0.64302,0.801885,0.0,0,0,90.867,0.0844599,0.29062,20,AMD EPYC 9334 32-Core Processor,2,NVIDIA H100,32,90.867,1.09844
xgemm,gpublas,4,1,0,0,0,10,0.111622,,,0.100057,6.84395e-13,8.27282e-07,0.0115647,4.32473e-05,0.00657627,0.0,0,0,0.6375,0.140872,0.375329,0.0,0,0,54.9166,0.273148,0.522636,20,Intel(R) Xeon(R) Platinum 8360Y CPU @ 2.40GHz,2,NVIDIA A100-SXM4-40GB,36,54.9166,0.6375
xgemm,gpublas,4,1,0,0,0,1000,0.112127,,,0.100059,3.65361e-13,6.04451e-07,0.0120687,7.68717e-05,0.00876765,0.0,0,0,0.648047,0.239523,0.489411,0.0,0,0,53.3741,0.396634,0.629789,20,Intel(R) Xeon(R) Platinum 8360Y CPU @ 2.40GHz,2,NVIDIA A100-SXM4-40GB,36,53.3741,0.648047
xgemm,gputhread,4,1,0,0,0,10,0.110134,,,0.100073,3.36428e-11,5.80024e-06,0.0100614,1.07275e-11,3.27529e-06,0.0,0,0,0.897656,1.77002e-05,0.00420716,0.0,0,0,89.2183,0.184099,0.429067,20,AMD EPYC 9334 32-Core Processor,2,NVIDIA H100,32,89.2183,0.897656
xgemm,gpublas,8,1,0,0,0,100,0.112124,,,0.100057,8.73115e-13,9.34406e-07,0.0120672,7.68618e-05,0.00876709,0.0,0,0,0.666992,0.249386,0.499386,0.0,0,0,55.0168,0.159803,0.399754,20,Intel(R) Xeon(R) Platinum 8360Y CPU @ 2.40GHz,2,NVIDIA A100-SXM4-40GB,36,55.0168,0.666992
xgemm,gpublas,8,1,0,0,0,1000,0.113641,,,0.100054,6.10798e-11,7.81536e-06,0.0135867,0.000235716,0.015353,0.0,0,0,1.2,1.83311,1.35392,0.0,0,0,88.3617,0.299668,0.54742,20,AMD EPYC 9334 32-Core Processor,2,NVIDIA H100,32,88.3617,1.2
xgemm,gpublas,8,1,0,0,0,8000,0.481509,,,0.24014,0.00240269,0.0490172,0.241369,0.00015178,0.0123199,0.0,0,0,19.026,30.6703,5.53808,0.0,0,0,78.8389,518.451,22.7695,20,Intel(R) Xeon(R) Platinum 8360Y CPU @ 2.40GHz,2,NVIDIA A100-SXM4-40GB,36,78.8389,19.026
xgemm,gputhread,4,1,0,0,0,40000,1.17102,,,0.585409,0.00127691,0.0357339,0.585606,1.61427e-05,0.0040178,0.0,0,0,54.7617,1.145,1.07005,0.0,0,0,93.5132,2.98259,1.72702,20,AMD EPYC 9334 32-Core Processor,2,NVIDIA H100,32,93.5132,54.7617
xgemm,gputhread,4,1,0,0,0,10000,0.140308,,,0.100051,7.2896e-12,2.69993e-06,0.0402566,7.68275e-11,8.76513e-06,0.0,0,0,3.725,0.00712036,0.0843822,0.0,0,0,92.5314,4.40509,2.09883,20,AMD EPYC 9334 32-Core Processor,2,NVIDIA H100,32,92.5314,3.725
xgemm,gputhread,8,1,0,0,0,8000,0.158463,,,0.100079,4.60822e-11,6.78839e-06,0.0583836,0.000168337,0.0129745,0.0,0,0,5.33477,1.30058,1.14043,0.0,0,0,91.5431,9.032,3.00533,20,AMD EPYC 9334 32-Core Processor,2,NVIDIA H100,32,91.5431,5.33477
xgemm,gpublas,8,1,0,0,0,40000,7.93325,,,3.96781,0.03234,0.179833,3.96544,0.0333232,0.182546,0.0,0,0,1956.4,1522.65,39.0211,0.0,0,0,494.082,311.222,17.6415,20,AMD EPYC 9334 32-Core Processor,2,NVIDIA H100,32,494.082,1956.4
xgemm,gpublas,4,72,0,0,0,10000,,,,0.150142,0.0175366,0.132426,0.145488,0.0176017,0.132671,0.0,0,0,10.6052,22.0408,4.69476,0.0,0,0,83.725,358.763,18.941,20,Intel(R) Xeon(R) Platinum 8360Y CPU @ 2.40GHz,2,Instinct MI210,36,,
xgemm,gputhread,4,1,0,0,0,100,0.110116,,,0.100059,6.35936e-13,7.97456e-07,0.0100568,1.76e-12,1.32665e-06,0.0,0,0,0.536816,3.53813e-06,0.00188099,0.0,0,0,53.3784,0.0339634,0.184292,20,Intel(R) Xeon(R) Platinum 8360Y CPU @ 2.40GHz,2,NVIDIA A100-SXM4-40GB,36,53.3784,0.536816
xgemm,gpublas,4,1,0,0,0,1000,0.113152,,,0.100073,4.82316e-12,2.19617e-06,0.0130798,0.00017312,0.0131575,0.0,0,0,1.20742,1.46994,1.21241,0.0,0,0,92.353,0.029514,0.171797,20,AMD EPYC 9334 32-Core Processor,2,NVIDIA H100,32,92.353,1.20742
xgemm,gputhread,4,1,0,0,0,2000,0.110135,,,0.100074,2.58892e-11,5.08814e-06,0.0100607,1.51e-12,1.22882e-06,0.0,0,0,0.898828,2.73132e-05,0.00522621,0.0,0,0,89.3405,0.266327,0.516069,20,AMD EPYC 9334 32-Core Processor,2,NVIDIA H100,32,89.3405,0.898828
xgemm,gpublas,4,1,0,0,0,1000,0.112184,,,0.100095,1.22582e-10,1.10717e-05,0.0120898,7.69883e-05,0.0087743,0.0,0,0,0.639453,0.236202,0.486006,0.0,0,0,52.5134,0.482525,0.69464,20,Intel(R) Xeon(R) Platinum 8360Y CPU @ 2.40GHz,2,NVIDIA A100-SXM4-40GB,36,52.5134,0.639453
xgemm,gpublas,4,1,0,0,0,4000,0.136265,,,0.100059,9.38485e-13,9.68754e-07,0.0362061,0.000125442,0.0112001,0.0,0,0,2.02422,0.390319,0.624755,0.0,0,0,55.9026,0.329552,0.574067,20,Intel(R) Xeon(R) Platinum 8360Y CPU @ 2.40GHz,2,NVIDIA A100-SXM4-40GB,36,55.9026,2.02422
xgemm,gpublas,4,1,0,0,0,10000,0.190108,,,0.100064,4.35477e-12,2.08681e-06,0.0900435,0.000106004,0.0102958,0.0,0,0,12.966,24.3549,4.93507,0.0,0,0,146.091,3614.33,60.1193,20,AMD EPYC 9334 32-Core Processor,2,NVIDIA H100,32,146.091,12.966
xgemm,gpublas,4,1,0,0,0,1000,0.11166,,,0.100078,2.46066e-10,1.56865e-05,0.0115822,4.32823e-05,0.00657893,0.0,0,0,0.609766,0.128445,0.358393,0.0,0,0,52.4517,0.235009,0.484777,20,Intel(R) Xeon(R) Platinum 8360Y CPU @ 2.40GHz,2,NVIDIA A100-SXM4-40GB,36,52.4517,0.609766
xgemm,gpublas,4,1,0,0,0,8000,0.333562,,,0.165099,0.00227777,0.047726,0.168462,0.000292106,0.0170911,0.0,0,0,11.5922,5.27208,2.2961,0.0,0,0,68.7336,115.941,10.7676,20,Intel(R) Xeon(R) Platinum 8360Y CPU @ 2.40GHz,2,NVIDIA A100-SXM4-40GB,36,68.7336,11.5922
xgemm,gputhread,4,1,0,0,0,1000,0.110114,,,0.100058,1.33923e-12,1.15725e-06,0.0100568,1.1275e-12,1.06184e-06,0.0,0,0,0.553027,1.65081e-05,0.00406302,0.0,0,0,54.9901,0.164503,0.40559,20,Intel(R) Xeon(R) Platinum 8360Y CPU @ 2.40GHz,2,NVIDIA A100-SXM4-40GB,36,54.9901,0.553027
xgemm,gpublas,8,1,0,0,0,4000,0.155959,,,0.100084,1.21989e-10,1.10448e-05,0.0558746,0.00012644,0.0112446,0.0,0,0,3.05449,0.367147,0.605927,0.0,0,0,54.8724,30.9641,5.56454,20,Intel(R) Xeon(R) Platinum 8360Y CPU @ 2.40GHz,2,NVIDIA A100-SXM4-40GB,36,54.8724,3.05449
xgemm,gputhread,4,1,0,0,0,10000,0.300944,,,0.150088,0.00250293,0.0500293,0.150857,0.000404615,0.0201151,0.0,0,0,8.39551,1.3432,1.15897,0.0,0,0,55.6218,0.202601,0.450113,20,Intel(R) Xeon(R) Platinum 8360Y CPU @ 2.40GHz,2,NVIDIA A100-SXM4-40GB,36,55.6218,8.39551
xgemm,gpublas,4,1,0,0,0,1000,0.112185,,,0.100093,1.45071e-10,1.20445e-05,0.0120918,7.6916e-05,0.00877018,0.0,0,0,0.6375,0.224587,0.473907,0.0,0,0,52.5228,0.242353,0.492294,20,Intel(R) Xeon(R) Platinum 8360Y CPU @ 2.40GHz,2,NVIDIA A100-SXM4-40GB,36,52.5228,0.6375
xgemm,gpublas,4,1,0,0,0,1000,0.112127,,,0.100059,9.25979e-13,9.62278e-07,0.0120687,7.68677e-05,0.00876742,0.0,0,0,0.673828,0.24605,0.496035,0.0,0,0,55.7198,0.146398,0.38262,20,Intel(R) Xeon(R) Platinum 8360Y CPU @ 2.40GHz,2,NVIDIA A100-SXM4-40GB,36,55.7198,0.673828
xgemm,gpublas,4,1,0,0,0,100,0.111622,,,0.100057,1.48077e-12,1.21687e-06,0.0115649,4.32407e-05,0.00657577,0.0,0,0,0.638281,0.140735,0.375147,0.0,0,0,54.9928,0.246134,0.496119,20,Intel(R) Xeon(R) Platinum 8360Y CPU @ 2.40GHz,2,NVIDIA A100-SXM4-40GB,36,54.9928,0.638281
xgemm,gpublas,4,1,0,0,0,10,0.111623,,,0.100058,1.07093e-12,1.03486e-06,0.0115651,4.32399e-05,0.00657571,0.0,0,0,0.647266,0.144594,0.380255,0.0,0,0,55.7683,0.245679,0.495661,20,Intel(R) Xeon(R) Platinum 8360Y CPU @ 2.40GHz,2,NVIDIA A100-SXM4-40GB,36,55.7683,0.647266
xgemm,gputhread,8,1,0,0,0,20000,2.25465,,,1.12568,0.00187715,0.0433261,1.12897,1.89713e-05,0.0043556,0.0,0,0,61.6695,0.512159,0.715653,0.0,0,0,54.6242,0.322274,0.567692,20,Intel(R) Xeon(R) Platinum 8360Y CPU @ 2.40GHz,2,NVIDIA A100-SXM4-40GB,36,54.6242,61.6695
xgemm,gputhread,8,1,0,0,0,20000,1.21264,,,0.605463,0.00147766,0.0384403,0.607175,9.39086e-05,0.00969065,0.0,0,0,58.9922,0.844031,0.918711,0.0,0,0,97.1629,0.731445,0.855245,20,AMD EPYC 9334 32-Core Processor,2,NVIDIA H100,32,97.1629,58.9922
xgemm,gpublas,8,1,0,0,0,40000,25.6976,,,12.8474,0.00240184,0.0490086,12.8502,0.000165117,0.0128498,0.0,0,0,2351.03,495.593,22.2619,0.0,0,0,182.956,2.91083,1.70612,20,Intel(R) Xeon(R) Platinum 8360Y CPU @ 2.40GHz,2,NVIDIA A100-SXM4-40GB,36,182.956,2351.03
xgemm,gputhread,8,1,0,0,0,1000,0.110152,,,0.100086,4.16337e-11,6.45242e-06,0.0100666,1.55275e-11,3.94049e-06,0.0,0,0,0.892188,2.19727e-05,0.0046875,0.0,0,0,88.6281,0.219819,0.468848,20,AMD EPYC 9334 32-Core Processor,2,NVIDIA H100,32,88.6281,0.892188
xgemm,gpublas,4,1,0,0,0,20000,1.15,,,0.575407,0.00287892,0.0536556,0.574592,0.00133593,0.0365503,0.0,0,0,153.71,255.77,15.9928,0.0,0,0,268.119,827.411,28.7647,20,AMD EPYC 9334 32-Core Processor,2,NVIDIA H100,32,268.119,153.71
xgemm,gpublas,8,1,0,0,0,1000,0.112179,,,0.100091,6.55932e-11,8.09896e-06,0.012088,7.69389e-05,0.00877148,0.0,0,0,0.641797,0.233933,0.483666,0.0,0,0,52.7829,0.267812,0.517505,20,Intel(R) Xeon(R) Platinum 8360Y CPU @ 2.40GHz,2,NVIDIA A100-SXM4-40GB,36,52.7829,0.641797
xgemm,gpublas,8,1,0,0,0,10000,0.810031,,,0.405301,0.000475686,0.0218102,0.40473,7.70255e-05,0.00877642,0.0,0,0,42.4246,60.2226,7.76032,0.0,0,0,104.823,366.252,19.1377,20,Intel(R) Xeon(R) Platinum 8360Y CPU @ 2.40GHz,2,NVIDIA A100-SXM4-40GB,36,104.823,42.4246
xgemm,gputhread,8,1,0,0,0,2000,0.110618,,,0.100058,2.30557e-12,1.51841e-06,0.0105603,4.80285e-06,0.00219154,0.0,0,0,0.580859,0.0145052,0.120437,0.0,0,0,55.0061,0.201244,0.448602,20,Intel(R) Xeon(R) Platinum 8360Y CPU @ 2.40GHz,2,NVIDIA A100-SXM4-40GB,36,55.0061,0.580859
xgemm,gpublas,4,1,0,0,0,10,0.112629,,,0.100058,1.00542e-12,1.00271e-06,0.0125709,0.00012015,0.0109613,0.0,0,0,0.704688,0.397587,0.630545,0.0,0,0,55.7667,0.234725,0.484485,20,Intel(R) Xeon(R) Platinum 8360Y CPU @ 2.40GHz,2,NVIDIA A100-SXM4-40GB,36,55.7667,0.704688
xgemm,gputhread,4,1,0,0,0,40000,4.14481,,,2.07119,0.0171204,0.130845,2.07362,0.0137643,0.117321,0.0,0,0,116.91,41.1007,6.41098,0.0,0,0,56.3874,0.478911,0.692034,20,Intel(R) Xeon(R) Platinum 8360Y CPU @ 2.40GHz,2,NVIDIA A100-SXM4-40GB,36,56.3874,116.91
xgemm,gpublas,4,1,0,0,0,10,0.112631,,,0.100059,6.98464e-13,8.35741e-07,0.0125718,0.000120105,0.0109592,0.0,0,0,0.700977,0.391891,0.626012,0.0,0,0,55.488,0.127627,0.357249,20,Intel(R) Xeon(R) Platinum 8360Y CPU @ 2.40GHz,2,NVIDIA A100-SXM4-40GB,36,55.488,0.700977
xgemm,gputhread,4,1,0,0,0,4000,0.120171,,,0.100057,4.68816e-13,6.84701e-07,0.0201146,6.4e-13,8e-07,0.0,0,0,1.11738,9.8381e-05,0.00991872,0.0,0,0,55.5508,0.242432,0.492373,20,Intel(R) Xeon(R) Platinum 8360Y CPU @ 2.40GHz,2,NVIDIA A100-SXM4-40GB,36,55.5508,1.11738
xgemm,gpublas,4,1,0,0,0,100,0.112127,,,0.100059,5.56554e-12,2.35914e-06,0.0120682,7.68655e-05,0.00876729,0.0,0,0,0.675781,0.252762,0.502754,0.0,0,0,55.792,0.192941,0.43925,20,Intel(R) Xeon(R) Platinum 8360Y CPU @ 2.40GHz,2,NVIDIA A100-SXM4-40GB,36,55.792,0.675781
xgemm,gpublas,4,1,0,0,0,10,0.111624,,,0.100059,1.18462e-12,1.0884e-06,0.0115655,4.32389e-05,0.00657563,0.0,0,0,0.646484,0.140667,0.375056,0.0,0,0,55.7761,0.157032,0.396273,20,Intel(R) Xeon(R) Platinum 8360Y CPU @ 2.40GHz,2,NVIDIA A100-SXM4-40GB,36,55.7761,0.646484
xgemm,gpublas,4,1,0,0,0,100,0.112127,,,0.100058,1.00201e-12,1.001e-06,0.0120687,7.68636e-05,0.00876719,0.0,0,0,0.647266,0.236196,0.486,0.0,0,0,53.3581,0.282126,0.531155,20,Intel(R) Xeon(R) Platinum 8360Y CPU @ 2.40GHz,2,NVIDIA A100-SXM4-40GB,36,53.3581,0.647266
xgemm,gpublas,4,1,0,0,0,10000,0.551526,,,0.275201,0.00187776,0.0433331,0.276324,0.000126549,0.0112494,0.0,0,0,23.6359,13.6379,3.69296,0.0,0,0,85.7117,200.403,14.1564,20,Intel(R) Xeon(R) Platinum 8360Y CPU @ 2.40GHz,2,NVIDIA A100-SXM4-40GB,36,85.7117,23.6359
xgemm,gputhread,4,1,0,0,0,2000,0.110114,,,0.100057,7.46212e-13,8.63836e-07,0.0100568,1.0875e-12,1.04283e-06,0.0,0,0,0.553711,7.82013e-06,0.00279645,0.0,0,0,55.0586,0.0767663,0.277067,20,Intel(R) Xeon(R) Platinum 8360Y CPU @ 2.40GHz,2,NVIDIA A100-SXM4-40GB,36,55.0586,0.553711
xgemm,gputhread,4,1,0,0,0,100,0.110127,,,0.100065,8.26773e-12,2.87537e-06,0.010062,3.1475e-12,1.77412e-06,0.0,0,0,0.897656,1.77002e-05,0.00420716,0.0,0,0,89.213,0.179965,0.424223,20,AMD EPYC 9334 32-Core Processor,2,NVIDIA H100,32,89.213,0.897656
xgemm,gpublas,4,1,0,0,0,10,0.11219,,,0.100095,4.44464e-11,6.66682e-06,0.0120952,7.69061e-05,0.00876961,0.0,0,0,0.640625,0.230731,0.480345,0.0,0,0,52.691,0.174855,0.418157,20,Intel(R) Xeon(R) Platinum 8360Y CPU @ 2.40GHz,2,NVIDIA A100-SXM4-40GB,36,52.691,0.640625
xgemm,gpublas,4,72,0,0,0,10,,,,0.125135,0.0119008,0.109091,0.125423,0.0119575,0.10935,0.0,0,0,5.1298,19.6134,4.4287,0.0,0,0,40.9792,0.00824493,0.0908016,20,Intel(R) Xeon(R) Platinum 8360Y CPU @ 2.40GHz,2,Instinct MI210,36,,
