NAME,ALGO,PRECISION,OMP_THREADS,MPI_RANKS,NGPUs,GPU ID,SIZE,TOTAL_TIME,TOTAL_TIME_var,TOTAL_TIME_std,CPU_TIME,CPU_TIME_var,CPU_TIME_std,GPU_TIME,GPU_TIME_var,GPU_TIME_std,CPU_JOULES,CPU_JOULES_var,CPU_JOULES_std,GPU_JOULES,GPU_JOULES_var,GPU_JOULES_std,CPU_WATTS,CPU_WATTS_var,CPU_WATTS_std,GPU_WATTS,GPU_WATTS_var,GPU_WATTS_std,NRUNS,CPU_NAME,Sockets,GPU_NAME,Cores_per_socket,CPU_time,GPU_time,CPU_energy,GPU_energy,CPU_power,GPU_power,GPU_ID
Palabos_anerusym,LBM,8,1,,,,116923434,,,,,,,,,,,,,,,,,,,,,,,AMD EPYC 7H12 64-Core Processor,2,,64,820.204,,168364.0,,205.271,,99.0
Palabos_anerusym,LBM,8,1,,,,34645796,,,,,,,,,,,,,,,,,,,,,,,AMD EPYC 7H12 64-Core Processor,2,,64,286.452,,61349.2,,214.169,,99.0
Palabos_anerusym,LBM,8,1,,,,34645796,,,,,,,,,,,,,,,,,,,,,,,AMD EPYC 7H12 64-Core Processor,2,,64,289.821,,62330.5,,215.065,,99.0
Palabos_anerusym,LBM,8,1,,,,2217803,,,,,,,,,,,,,,,,,,,,,,,AMD EPYC 9654 96-Core Processor,2,,96,14.9989,,3986.06,,265.757,,99.0
Palabos_anerusym,LBM,8,1,,,,116923434,,,,,,,,,,,,,,,,,,,,,,,AMD EPYC 7H12 64-Core Processor,2,,64,818.321,,167201.0,,204.322,,99.0
Palabos_anerusym,LBM,8,1,,,,116923434,,,,,,,,,,,,,,,,,,,,,,,AMD EPYC 7H12 64-Core Processor,2,,64,832.588,,133195.0,,159.977,,99.0
Palabos_anerusym,LBM,8,1,,,,34645796,,,,,,,,,,,,,,,,,,,,,,,AMD EPYC 7H12 64-Core Processor,2,,64,289.424,,61485.5,,212.441,,99.0
Palabos_anerusym,LBM,8,1,,,,116923434,,,,,,,,,,,,,,,,,,,,,,,AMD EPYC 7H12 64-Core Processor,2,,64,818.731,,164554.0,,200.987,,99.0
Palabos_anerusym,LBM,8,1,,,,116923434,,,,,,,,,,,,,,,,,,,,,,,AMD EPYC 7H12 64-Core Processor,2,,64,833.361,,172395.0,,206.867,,99.0
Palabos_anerusym,LBM,8,1,,,,116923434,,,,,,,,,,,,,,,,,,,,,,,AMD EPYC 7H12 64-Core Processor,2,,64,818.732,,170015.0,,207.657,,99.0
Palabos_anerusym,LBM,8,1,,,,116923434,,,,,,,,,,,,,,,,,,,,,,,AMD EPYC 7H12 64-Core Processor,2,,64,825.794,,171158.0,,207.265,,99.0
Palabos_anerusym,LBM,8,1,,,,116923434,,,,,,,,,,,,,,,,,,,,,,,AMD EPYC 7H12 64-Core Processor,2,,64,826.524,,168480.0,,203.842,,99.0
Palabos_anerusym,LBM,8,1,,,,116923434,,,,,,,,,,,,,,,,,,,,,,,AMD EPYC 7H12 64-Core Processor,2,,64,820.114,,168696.0,,205.698,,99.0
Palabos_anerusym,LBM,8,1,,,,34645796,,,,,,,,,,,,,,,,,,,,,,,AMD EPYC 9654 96-Core Processor,2,,96,139.209,,35848.6,,257.516,,99.0
Palabos_anerusym,LBM,8,1,,,,34645796,,,,,,,,,,,,,,,,,,,,,,,AMD EPYC 7H12 64-Core Processor,2,,64,296.072,,63967.3,,216.053,,99.0
Palabos_anerusym,LBM,8,1,,,,2217803,,,,,,,,,,,,,,,,,,,,,,,AMD EPYC 9654 96-Core Processor,2,,96,15.0602,,4088.6,,271.484,,99.0
Palabos_anerusym,LBM,8,1,,,,116923434,,,,,,,,,,,,,,,,,,,,,,,AMD EPYC 9654 96-Core Processor,2,,96,395.3,,99872.0,,252.649,,99.0
Palabos_anerusym,LBM,8,1,,,,116923434,,,,,,,,,,,,,,,,,,,,,,,AMD EPYC 9654 96-Core Processor,2,,96,394.923,,100263.0,,253.879,,99.0
Palabos_anerusym,LBM,8,1,,,,116923434,,,,,,,,,,,,,,,,,,,,,,,AMD EPYC 9654 96-Core Processor,2,,96,393.83,,97454.9,,247.454,,99.0
Palabos_anerusym,LBM,8,1,,,,116923434,,,,,,,,,,,,,,,,,,,,,,,AMD EPYC 9654 96-Core Processor,2,,96,395.341,,100419.0,,254.007,,99.0
Palabos_anerusym,LBM,8,1,,,,116923434,,,,,,,,,,,,,,,,,,,,,,,AMD EPYC 9654 96-Core Processor,2,,96,396.563,,99633.7,,251.243,,99.0
Palabos_anerusym,LBM,8,1,,,,34645796,,,,,,,,,,,,,,,,,,,,,,,AMD EPYC 7H12 64-Core Processor,2,,64,291.33,,62803.4,,215.574,,99.0
Palabos_anerusym,LBM,8,1,,,,116923434,,,,,,,,,,,,,,,,,,,,,,,AMD EPYC 7H12 64-Core Processor,2,,64,817.518,,169260.0,,207.041,,99.0
Palabos_anerusym,LBM,8,1,,,,116923434,,,,,,,,,,,,,,,,,,,,,,,AMD EPYC 7H12 64-Core Processor,2,,64,816.043,,167685.0,,205.485,,99.0
Palabos_anerusym,LBM,8,1,,,,2217803,,,,,,,,,,,,,,,,,,,,,,,AMD EPYC 7H12 64-Core Processor,2,,64,30.1044,,6218.84,,206.575,,99.0
Palabos_anerusym,LBM,8,1,,,,116923434,,,,,,,,,,,,,,,,,,,,,,,AMD EPYC 9654 96-Core Processor,2,,96,392.87,,98599.2,,250.971,,99.0
Palabos_anerusym,LBM,8,1,,,,2217803,,,,,,,,,,,,,,,,,,,,,,,AMD EPYC 9654 96-Core Processor,2,,96,14.89,,4055.28,,272.35,,99.0
Palabos_anerusym,LBM,8,1,,,,34645796,,,,,,,,,,,,,,,,,,,,,,,AMD EPYC 7H12 64-Core Processor,2,,64,292.432,,62856.1,,214.942,,99.0
Palabos_anerusym,LBM,8,1,,,,34645796,,,,,,,,,,,,,,,,,,,,,,,AMD EPYC 7H12 64-Core Processor,2,,64,291.092,,63045.9,,216.584,,99.0
Palabos_anerusym,LBM,8,1,,,,34645796,,,,,,,,,,,,,,,,,,,,,,,AMD EPYC 7H12 64-Core Processor,2,,64,292.635,,63062.9,,215.5,,99.0
Palabos_anerusym,LBM,8,1,,,,116923434,,,,,,,,,,,,,,,,,,,,,,,AMD EPYC 7H12 64-Core Processor,2,,64,818.911,,164924.0,,201.394,,99.0
Palabos_anerusym,LBM,8,1,,,,34645796,,,,,,,,,,,,,,,,,,,,,,,AMD EPYC 9654 96-Core Processor,2,,96,139.223,,36117.4,,259.421,,99.0
Palabos_anerusym,LBM,8,1,,,,34645796,,,,,,,,,,,,,,,,,,,,,,,AMD EPYC 9654 96-Core Processor,2,,96,138.913,,36182.2,,260.467,,99.0
Palabos_anerusym,LBM,8,1,,,,116923434,,,,,,,,,,,,,,,,,,,,,,,AMD EPYC 9654 96-Core Processor,2,,96,396.132,,97678.1,,246.58,,99.0
Palabos_anerusym,LBM,8,1,,,,116923434,,,,,,,,,,,,,,,,,,,,,,,AMD EPYC 7H12 64-Core Processor,2,,64,814.485,,167935.0,,206.186,,99.0
Palabos_anerusym,LBM,8,1,,,,34645796,,,,,,,,,,,,,,,,,,,,,,,AMD EPYC 9654 96-Core Processor,2,,96,138.644,,35595.1,,256.737,,99.0
Palabos_anerusym,LBM,8,1,,,,116923434,,,,,,,,,,,,,,,,,,,,,,,AMD EPYC 7H12 64-Core Processor,2,,64,821.704,,169789.0,,206.63,,99.0
Palabos_anerusym,LBM,8,1,,,,34645796,,,,,,,,,,,,,,,,,,,,,,,AMD EPYC 9654 96-Core Processor,2,,96,141.102,,35624.3,,252.472,,99.0
Palabos_anerusym,LBM,8,1,,,,116923434,,,,,,,,,,,,,,,,,,,,,,,AMD EPYC 9654 96-Core Processor,2,,96,395.927,,98419.9,,248.581,,99.0
Palabos_anerusym,LBM,8,1,,,,34645796,,,,,,,,,,,,,,,,,,,,,,,AMD EPYC 9654 96-Core Processor,2,,96,139.26,,35836.8,,257.339,,99.0
Palabos_anerusym,LBM,8,1,,,,116923434,,,,,,,,,,,,,,,,,,,,,,,AMD EPYC 9654 96-Core Processor,2,,96,391.97,,98719.2,,251.854,,99.0
Palabos_anerusym,LBM,8,1,,,,116923434,,,,,,,,,,,,,,,,,,,,,,,AMD EPYC 7H12 64-Core Processor,2,,64,827.811,,168835.0,,203.954,,99.0
Palabos_anerusym,LBM,8,1,,,,116923434,,,,,,,,,,,,,,,,,,,,,,,AMD EPYC 7H12 64-Core Processor,2,,64,818.152,,167662.0,,204.928,,99.0
Palabos_anerusym,LBM,8,1,,,,116923434,,,,,,,,,,,,,,,,,,,,,,,AMD EPYC 7H12 64-Core Processor,2,,64,817.128,,164396.0,,201.187,,99.0
Palabos_anerusym,LBM,8,1,,,,116923434,,,,,,,,,,,,,,,,,,,,,,,AMD EPYC 7H12 64-Core Processor,2,,64,814.038,,167606.0,,205.894,,99.0
Palabos_anerusym,LBM,8,1,,,,2217803,,,,,,,,,,,,,,,,,,,,,,,AMD EPYC 9654 96-Core Processor,2,,96,15.2619,,4175.21,,273.571,,99.0
Palabos_anerusym,LBM,8,1,,,,116923434,,,,,,,,,,,,,,,,,,,,,,,AMD EPYC 9654 96-Core Processor,2,,96,395.768,,100465.0,,253.848,,99.0
Palabos_anerusym,LBM,8,1,,,,116923434,,,,,,,,,,,,,,,,,,,,,,,AMD EPYC 9654 96-Core Processor,2,,96,396.024,,99790.6,,251.981,,99.0
Palabos_anerusym,LBM,8,1,,,,116923434,,,,,,,,,,,,,,,,,,,,,,,AMD EPYC 7H12 64-Core Processor,2,,64,817.949,,168647.0,,206.183,,99.0
Palabos_anerusym,LBM,8,1,,,,116923434,,,,,,,,,,,,,,,,,,,,,,,AMD EPYC 9654 96-Core Processor,2,,96,400.923,,102711.0,,256.186,,99.0
Palabos_anerusym,LBM,8,1,,,,116923434,,,,,,,,,,,,,,,,,,,,,,,AMD EPYC 7H12 64-Core Processor,2,,64,821.331,,164426.0,,200.195,,99.0
Palabos_anerusym,LBM,8,1,,,,116923434,,,,,,,,,,,,,,,,,,,,,,,AMD EPYC 9654 96-Core Processor,2,,96,395.012,,99024.4,,250.687,,99.0
Palabos_anerusym,LBM,8,1,,,,116923434,,,,,,,,,,,,,,,,,,,,,,,AMD EPYC 9654 96-Core Processor,2,,96,391.142,,99191.0,,253.593,,99.0
Palabos_anerusym,LBM,8,1,,,,116923434,,,,,,,,,,,,,,,,,,,,,,,AMD EPYC 7H12 64-Core Processor,2,,64,817.694,,168113.0,,205.594,,99.0
Palabos_anerusym,LBM,8,1,,,,116923434,,,,,,,,,,,,,,,,,,,,,,,AMD EPYC 7H12 64-Core Processor,2,,64,822.703,,171131.0,,208.01,,99.0
Palabos_anerusym,LBM,8,1,,,,116923434,,,,,,,,,,,,,,,,,,,,,,,AMD EPYC 9654 96-Core Processor,2,,96,396.682,,102048.0,,257.254,,99.0
Palabos_anerusym,LBM,8,1,,,,116923434,,,,,,,,,,,,,,,,,,,,,,,AMD EPYC 7H12 64-Core Processor,2,,64,809.441,,161847.0,,199.949,,99.0
Palabos_anerusym,LBM,8,1,,,,34645796,,,,,,,,,,,,,,,,,,,,,,,AMD EPYC 7H12 64-Core Processor,2,,64,289.052,,61569.4,,213.005,,99.0
Palabos_anerusym,LBM,8,1,,,,34645796,,,,,,,,,,,,,,,,,,,,,,,AMD EPYC 7H12 64-Core Processor,2,,64,288.85,,62136.2,,215.115,,99.0
Palabos_anerusym,LBM,8,1,,,,34645796,,,,,,,,,,,,,,,,,,,,,,,AMD EPYC 9654 96-Core Processor,2,,96,139.734,,36145.5,,258.672,,99.0
Palabos_anerusym,LBM,8,1,,,,34645796,,,,,,,,,,,,,,,,,,,,,,,AMD EPYC 9654 96-Core Processor,2,,96,138.693,,36709.0,,264.678,,99.0
Palabos_anerusym,LBM,8,1,,,,116923434,,,,,,,,,,,,,,,,,,,,,,,AMD EPYC 7H12 64-Core Processor,2,,64,819.138,,168627.0,,205.859,,99.0
Palabos_anerusym,LBM,8,1,,,,34645796,,,,,,,,,,,,,,,,,,,,,,,AMD EPYC 9654 96-Core Processor,2,,96,139.623,,36050.4,,258.199,,99.0
Palabos_anerusym,LBM,8,1,,,,116923434,,,,,,,,,,,,,,,,,,,,,,,AMD EPYC 7H12 64-Core Processor,2,,64,813.225,,166951.0,,205.294,,99.0
Palabos_anerusym,LBM,8,1,,,,34645796,,,,,,,,,,,,,,,,,,,,,,,AMD EPYC 7H12 64-Core Processor,2,,64,297.206,,62403.8,,209.969,,99.0
Palabos_anerusym,LBM,8,1,,,,34645796,,,,,,,,,,,,,,,,,,,,,,,AMD EPYC 7H12 64-Core Processor,2,,64,295.417,,64014.9,,216.693,,99.0
Palabos_anerusym,LBM,8,1,,,,34645796,,,,,,,,,,,,,,,,,,,,,,,AMD EPYC 9654 96-Core Processor,2,,96,140.205,,35548.6,,253.548,,99.0
Palabos_anerusym,LBM,8,1,,,,116923434,,,,,,,,,,,,,,,,,,,,,,,AMD EPYC 7H12 64-Core Processor,2,,64,844.183,,168178.0,,199.22,,99.0
Palabos_anerusym,LBM,8,1,,,,116923434,,,,,,,,,,,,,,,,,,,,,,,AMD EPYC 7H12 64-Core Processor,2,,64,818.442,,168404.0,,205.762,,99.0
Palabos_anerusym,LBM,8,1,,,,34645796,,,,,,,,,,,,,,,,,,,,,,,AMD EPYC 7H12 64-Core Processor,2,,64,294.944,,63514.1,,215.343,,99.0
Palabos_anerusym,LBM,8,1,,,,34645796,,,,,,,,,,,,,,,,,,,,,,,AMD EPYC 9654 96-Core Processor,2,,96,139.329,,35481.2,,254.658,,99.0
Palabos_anerusym,LBM,8,1,,,,34645796,,,,,,,,,,,,,,,,,,,,,,,AMD EPYC 9654 96-Core Processor,2,,96,393.496,,94761.3,,240.819,,99.0
Palabos_anerusym,LBM,8,1,,,,34645796,,,,,,,,,,,,,,,,,,,,,,,AMD EPYC 9654 96-Core Processor,2,,96,138.281,,35652.3,,257.825,,99.0
Palabos_anerusym,LBM,8,1,,,,34645796,,,,,,,,,,,,,,,,,,,,,,,AMD EPYC 9654 96-Core Processor,2,,96,140.704,,36892.2,,262.197,,99.0
Palabos_anerusym,LBM,8,1,,,,2217803,,,,,,,,,,,,,,,,,,,,,,,AMD EPYC 7H12 64-Core Processor,2,,64,29.907,,6280.94,,210.016,,99.0
Palabos_anerusym,LBM,8,1,,,,116923434,,,,,,,,,,,,,,,,,,,,,,,AMD EPYC 7H12 64-Core Processor,2,,64,813.111,,165429.0,,203.452,,99.0
Palabos_anerusym,LBM,8,1,,,,116923434,,,,,,,,,,,,,,,,,,,,,,,AMD EPYC 9654 96-Core Processor,2,,96,390.534,,98499.7,,252.218,,99.0
Palabos_anerusym,LBM,8,1,,,,116923434,,,,,,,,,,,,,,,,,,,,,,,AMD EPYC 7H12 64-Core Processor,2,,64,815.359,,167343.0,,205.238,,99.0
Palabos_anerusym,LBM,8,1,,,,34645796,,,,,,,,,,,,,,,,,,,,,,,AMD EPYC 9654 96-Core Processor,2,,96,139.61,,35363.6,,253.303,,99.0
Palabos_anerusym,LBM,8,1,,,,116923434,,,,,,,,,,,,,,,,,,,,,,,AMD EPYC 7H12 64-Core Processor,2,,64,814.401,,173061.0,,212.501,,99.0
Palabos_anerusym,LBM,8,1,,,,34645796,,,,,,,,,,,,,,,,,,,,,,,AMD EPYC 7H12 64-Core Processor,2,,64,287.796,,61230.0,,212.755,,99.0
Palabos_anerusym,LBM,8,1,,,,116923434,,,,,,,,,,,,,,,,,,,,,,,AMD EPYC 7H12 64-Core Processor,2,,64,820.274,,169035.0,,206.071,,99.0
Palabos_anerusym,LBM,8,1,,,,116923434,,,,,,,,,,,,,,,,,,,,,,,AMD EPYC 9654 96-Core Processor,2,,96,394.848,,97402.8,,246.684,,99.0
Palabos_anerusym,LBM,8,1,,,,116923434,,,,,,,,,,,,,,,,,,,,,,,AMD EPYC 7H12 64-Core Processor,2,,64,822.351,,170185.0,,206.95,,99.0
Palabos_anerusym,LBM,8,1,,,,116923434,,,,,,,,,,,,,,,,,,,,,,,AMD EPYC 7H12 64-Core Processor,2,,64,807.42,,165384.0,,204.83,,99.0
Palabos_anerusym,LBM,8,1,,,,2217803,,,,,,,,,,,,,,,,,,,,,,,AMD EPYC 7H12 64-Core Processor,2,,64,29.7179,,6212.39,,209.045,,99.0
Palabos_anerusym,LBM,8,1,,,,116923434,,,,,,,,,,,,,,,,,,,,,,,AMD EPYC 7H12 64-Core Processor,2,,64,819.363,,168316.0,,205.423,,99.0
Palabos_anerusym,LBM,8,1,,,,116923434,,,,,,,,,,,,,,,,,,,,,,,AMD EPYC 7H12 64-Core Processor,2,,64,813.97,,164389.0,,201.96,,99.0
Palabos_anerusym,LBM,8,1,,,,116923434,,,,,,,,,,,,,,,,,,,,,,,AMD EPYC 7H12 64-Core Processor,2,,64,817.798,,167470.0,,204.782,,99.0
Palabos_anerusym,LBM,8,1,,,,116923434,,,,,,,,,,,,,,,,,,,,,,,AMD EPYC 7H12 64-Core Processor,2,,64,813.537,,165925.0,,203.955,,99.0
Palabos_anerusym,LBM,8,1,,,,34645796,,,,,,,,,,,,,,,,,,,,,,,AMD EPYC 9654 96-Core Processor,2,,96,140.907,,36402.1,,258.342,,99.0
Palabos_anerusym,LBM,8,1,,,,34645796,,,,,,,,,,,,,,,,,,,,,,,AMD EPYC 9654 96-Core Processor,2,,96,139.785,,35901.9,,256.836,,99.0
Palabos_anerusym,LBM,8,1,,,,34645796,,,,,,,,,,,,,,,,,,,,,,,AMD EPYC 9654 96-Core Processor,2,,96,140.507,,36909.8,,262.69,,99.0
Palabos_anerusym,LBM,8,1,,,,2217803,,,,,,,,,,,,,,,,,,,,,,,AMD EPYC 7H12 64-Core Processor,2,,64,29.8433,,6260.75,,209.787,,99.0
Palabos_anerusym,LBM,8,1,,,,34645796,,,,,,,,,,,,,,,,,,,,,,,AMD EPYC 7H12 64-Core Processor,2,,64,292.579,,62119.5,,212.317,,99.0
Palabos_anerusym,LBM,8,1,,,,34645796,,,,,,,,,,,,,,,,,,,,,,,AMD EPYC 9654 96-Core Processor,2,,96,139.553,,36163.6,,259.138,,99.0
Palabos_anerusym,LBM,8,1,,,,2217803,,,,,,,,,,,,,,,,,,,,,,,AMD EPYC 7H12 64-Core Processor,2,,64,29.7058,,6355.12,,213.935,,99.0
Palabos_anerusym,LBM,8,1,,,,116923434,,,,,,,,,,,,,,,,,,,,,,,AMD EPYC 7H12 64-Core Processor,2,,64,829.185,,170127.0,,205.174,,99.0
Palabos_anerusym,LBM,8,1,,,,116923434,,,,,,,,,,,,,,,,,,,,,,,AMD EPYC 7H12 64-Core Processor,2,,64,830.577,,161759.0,,194.755,,99.0
Palabos_anerusym,LBM,8,1,,,,34645796,,,,,,,,,,,,,,,,,,,,,,,AMD EPYC 9654 96-Core Processor,2,,96,138.609,,35550.2,,256.478,,99.0
Palabos_anerusym,LBM,8,1,,,,34645796,,,,,,,,,,,,,,,,,,,,,,,AMD EPYC 9654 96-Core Processor,2,,96,139.774,,36065.5,,258.028,,99.0
Palabos_anerusym,LBM,8,1,,,,116923434,,,,,,,,,,,,,,,,,,,,,,,AMD EPYC 7H12 64-Core Processor,2,,64,825.864,,171125.0,,207.207,,99.0
Palabos_anerusym,LBM,8,1,,,,34645796,,,,,,,,,,,,,,,,,,,,,,,AMD EPYC 7H12 64-Core Processor,2,,64,288.884,,62057.0,,214.816,,99.0
Palabos_anerusym,LBM,8,1,,,,34645796,,,,,,,,,,,,,,,,,,,,,,,AMD EPYC 9654 96-Core Processor,2,,96,139.415,,35875.5,,257.329,,99.0
Palabos_anerusym,LBM,8,1,,,,34645796,,,,,,,,,,,,,,,,,,,,,,,AMD EPYC 7H12 64-Core Processor,2,,64,289.513,,62473.2,,215.788,,99.0
Palabos_anerusym,LBM,8,1,,,,116923434,,,,,,,,,,,,,,,,,,,,,,,AMD EPYC 9654 96-Core Processor,2,,96,396.297,,100342.0,,253.199,,99.0
Palabos_anerusym,LBM,8,1,,,,34645796,,,,,,,,,,,,,,,,,,,,,,,AMD EPYC 9654 96-Core Processor,2,,96,138.038,,34997.0,,253.532,,99.0
Palabos_anerusym,LBM,8,1,,,,116923434,,,,,,,,,,,,,,,,,,,,,,,AMD EPYC 7H12 64-Core Processor,2,,64,813.064,,167068.0,,205.48,,99.0
Palabos_anerusym,LBM,8,1,,,,116923434,,,,,,,,,,,,,,,,,,,,,,,AMD EPYC 7H12 64-Core Processor,2,,64,816.478,,166812.0,,204.307,,99.0
Palabos_anerusym,LBM,8,1,,,,2217803,,,,,,,,,,,,,,,,,,,,,,,AMD EPYC 9654 96-Core Processor,2,,96,15.2514,,4188.53,,274.633,,99.0
Palabos_anerusym,LBM,8,1,,,,2217803,,,,,,,,,,,,,,,,,,,,,,,AMD EPYC 9654 96-Core Processor,2,,96,15.2704,,4171.74,,273.191,,99.0
Palabos_anerusym,LBM,8,1,,,,34645796,,,,,,,,,,,,,,,,,,,,,,,AMD EPYC 9654 96-Core Processor,2,,96,138.964,,35060.6,,252.3,,99.0
Palabos_anerusym,LBM,8,1,,,,34645796,,,,,,,,,,,,,,,,,,,,,,,AMD EPYC 7H12 64-Core Processor,2,,64,290.406,,62360.4,,214.735,,99.0
Palabos_anerusym,LBM,8,1,,,,34645796,,,,,,,,,,,,,,,,,,,,,,,AMD EPYC 9654 96-Core Processor,2,,96,138.316,,35853.3,,259.214,,99.0
Palabos_anerusym,LBM,8,1,,,,116923434,,,,,,,,,,,,,,,,,,,,,,,AMD EPYC 9654 96-Core Processor,2,,96,397.249,,98422.9,,247.761,,99.0
Palabos_anerusym,LBM,8,1,,,,34645796,,,,,,,,,,,,,,,,,,,,,,,AMD EPYC 7H12 64-Core Processor,2,,64,301.823,,65332.2,,216.459,,99.0
Palabos_anerusym,LBM,8,1,,,,34645796,,,,,,,,,,,,,,,,,,,,,,,AMD EPYC 7H12 64-Core Processor,2,,64,288.914,,61172.6,,211.733,,99.0
Palabos_anerusym,LBM,8,1,,,,34645796,,,,,,,,,,,,,,,,,,,,,,,AMD EPYC 7H12 64-Core Processor,2,,64,295.403,,64345.1,,217.821,,99.0
Palabos_anerusym,LBM,8,1,,,,116923434,,,,,,,,,,,,,,,,,,,,,,,AMD EPYC 7H12 64-Core Processor,2,,64,809.655,,166566.0,,205.724,,99.0
Palabos_anerusym,LBM,8,1,,,,34645796,,,,,,,,,,,,,,,,,,,,,,,AMD EPYC 7H12 64-Core Processor,2,,64,290.171,,62922.2,,216.846,,99.0
Palabos_anerusym,LBM,8,1,,,,116923434,,,,,,,,,,,,,,,,,,,,,,,AMD EPYC 7H12 64-Core Processor,2,,64,823.849,,164700.0,,199.915,,99.0
Palabos_anerusym,LBM,8,1,,,,2217803,,,,,,,,,,,,,,,,,,,,,,,AMD EPYC 9654 96-Core Processor,2,,96,14.9286,,4128.25,,276.534,,99.0
Palabos_anerusym,LBM,8,1,,,,116923434,,,,,,,,,,,,,,,,,,,,,,,AMD EPYC 9654 96-Core Processor,2,,96,395.974,,100474.0,,253.738,,99.0
Palabos_anerusym,LBM,8,1,,,,116923434,,,,,,,,,,,,,,,,,,,,,,,AMD EPYC 9654 96-Core Processor,2,,96,392.947,,99864.0,,254.141,,99.0
Palabos_anerusym,LBM,8,1,,,,116923434,,,,,,,,,,,,,,,,,,,,,,,AMD EPYC 7H12 64-Core Processor,2,,64,805.715,,165058.0,,204.858,,99.0
Palabos_anerusym,LBM,8,1,,,,34645796,,,,,,,,,,,,,,,,,,,,,,,AMD EPYC 7H12 64-Core Processor,2,,64,289.47,,61922.4,,213.916,,99.0
Palabos_anerusym,LBM,8,1,,,,116923434,,,,,,,,,,,,,,,,,,,,,,,AMD EPYC 7H12 64-Core Processor,2,,64,819.828,,169125.0,,206.293,,99.0
Palabos_anerusym,LBM,8,1,,,,2217803,,,,,,,,,,,,,,,,,,,,,,,AMD EPYC 7H12 64-Core Processor,2,,64,29.7286,,6143.39,,206.649,,99.0
Palabos_anerusym,LBM,8,1,,,,116923434,,,,,,,,,,,,,,,,,,,,,,,AMD EPYC 7H12 64-Core Processor,2,,64,810.976,,160778.0,,198.252,,99.0
Palabos_anerusym,LBM,8,1,,,,34645796,,,,,,,,,,,,,,,,,,,,,,,AMD EPYC 9654 96-Core Processor,2,,96,141.68,,36608.0,,258.384,,99.0
Palabos_anerusym,LBM,8,1,,,,116923434,,,,,,,,,,,,,,,,,,,,,,,AMD EPYC 9654 96-Core Processor,2,,96,401.713,,99729.2,,248.259,,99.0
Palabos_anerusym,LBM,8,1,,,,116923434,,,,,,,,,,,,,,,,,,,,,,,AMD EPYC 9654 96-Core Processor,2,,96,408.069,,103808.0,,254.388,,99.0
Palabos_anerusym,LBM,8,1,,,,34645796,,,,,,,,,,,,,,,,,,,,,,,AMD EPYC 7H12 64-Core Processor,2,,64,292.589,,62705.7,,214.314,,99.0
Palabos_anerusym,LBM,8,1,,,,116923434,,,,,,,,,,,,,,,,,,,,,,,AMD EPYC 9654 96-Core Processor,2,,96,402.302,,102918.0,,255.822,,99.0
Palabos_anerusym,LBM,8,1,,,,116923434,,,,,,,,,,,,,,,,,,,,,,,AMD EPYC 7H12 64-Core Processor,2,,64,816.097,,165974.0,,203.376,,99.0
Palabos_anerusym,LBM,8,1,,,,116923434,,,,,,,,,,,,,,,,,,,,,,,AMD EPYC 9654 96-Core Processor,2,,96,395.603,,100807.0,,254.817,,99.0
Palabos_anerusym,LBM,8,1,,,,34645796,,,,,,,,,,,,,,,,,,,,,,,AMD EPYC 9654 96-Core Processor,2,,96,143.494,,37146.4,,258.87,,99.0
Palabos_anerusym,LBM,8,1,,,,116923434,,,,,,,,,,,,,,,,,,,,,,,AMD EPYC 9654 96-Core Processor,2,,96,396.424,,100364.0,,253.173,,99.0
Palabos_anerusym,LBM,8,1,,,,34645796,,,,,,,,,,,,,,,,,,,,,,,AMD EPYC 7H12 64-Core Processor,2,,64,291.17,,61306.1,,210.551,,99.0
Palabos_anerusym,LBM,8,1,,,,34645796,,,,,,,,,,,,,,,,,,,,,,,AMD EPYC 7H12 64-Core Processor,2,,64,289.437,,61540.4,,212.621,,99.0
Palabos_anerusym,LBM,8,1,,,,116923434,,,,,,,,,,,,,,,,,,,,,,,AMD EPYC 7H12 64-Core Processor,2,,64,823.406,,170239.0,,206.75,,99.0
Palabos_anerusym,LBM,8,1,,,,116923434,,,,,,,,,,,,,,,,,,,,,,,AMD EPYC 7H12 64-Core Processor,2,,64,808.701,,163711.0,,202.437,,99.0
Palabos_anerusym,LBM,8,1,,,,34645796,,,,,,,,,,,,,,,,,,,,,,,AMD EPYC 7H12 64-Core Processor,2,,64,293.575,,63325.5,,215.705,,99.0
Palabos_anerusym,LBM,8,1,,,,116923434,,,,,,,,,,,,,,,,,,,,,,,AMD EPYC 7H12 64-Core Processor,2,,64,822.576,,169129.0,,205.609,,99.0
Palabos_anerusym,LBM,8,1,,,,116923434,,,,,,,,,,,,,,,,,,,,,,,AMD EPYC 7H12 64-Core Processor,2,,64,808.569,,164458.0,,203.394,,99.0
Palabos_anerusym,LBM,8,1,,,,34645796,,,,,,,,,,,,,,,,,,,,,,,AMD EPYC 7H12 64-Core Processor,2,,64,290.193,,64875.4,,223.559,,99.0
Palabos_anerusym,LBM,8,1,,,,116923434,,,,,,,,,,,,,,,,,,,,,,,AMD EPYC 7H12 64-Core Processor,2,,64,812.862,,170834.0,,210.163,,99.0
Palabos_anerusym,LBM,8,1,,,,116923434,,,,,,,,,,,,,,,,,,,,,,,AMD EPYC 7H12 64-Core Processor,2,,64,823.2,,169928.0,,206.423,,99.0
Palabos_anerusym,LBM,8,1,,,,116923434,,,,,,,,,,,,,,,,,,,,,,,AMD EPYC 7H12 64-Core Processor,2,,64,828.002,,169331.0,,204.505,,99.0
Palabos_anerusym,LBM,8,1,,,,34645796,,,,,,,,,,,,,,,,,,,,,,,AMD EPYC 7H12 64-Core Processor,2,,64,291.292,,65424.1,,224.6,,99.0
Palabos_anerusym,LBM,8,1,,,,34645796,,,,,,,,,,,,,,,,,,,,,,,AMD EPYC 7H12 64-Core Processor,2,,64,289.21,,62090.0,,214.688,,99.0
Palabos_anerusym,LBM,8,1,,,,116923434,,,,,,,,,,,,,,,,,,,,,,,AMD EPYC 9654 96-Core Processor,2,,96,399.781,,99702.0,,249.391,,99.0
Palabos_anerusym,LBM,8,1,,,,116923434,,,,,,,,,,,,,,,,,,,,,,,AMD EPYC 7H12 64-Core Processor,2,,64,820.204,,168364.0,,205.271,,99.0
Palabos_anerusym,LBM,8,1,,,,116923434,,,,,,,,,,,,,,,,,,,,,,,AMD EPYC 7H12 64-Core Processor,2,,64,815.51,,174926.0,,214.499,,99.0
Palabos_anerusym,LBM,8,1,,,,34645796,,,,,,,,,,,,,,,,,,,,,,,AMD EPYC 9654 96-Core Processor,2,,96,138.655,,35059.9,,252.856,,99.0
Palabos_anerusym,LBM,8,1,,,,2217803,,,,,,,,,,,,,,,,,,,,,,,AMD EPYC 9654 96-Core Processor,2,,96,15.2062,,4124.69,,271.25,,99.0
Palabos_anerusym,LBM,8,1,,,,116923434,,,,,,,,,,,,,,,,,,,,,,,AMD EPYC 9654 96-Core Processor,2,,96,398.204,,102222.0,,256.708,,99.0
Palabos_anerusym,LBM,8,1,,,,116923434,,,,,,,,,,,,,,,,,,,,,,,AMD EPYC 9654 96-Core Processor,2,,96,393.375,,98579.2,,250.598,,99.0
Palabos_anerusym,LBM,8,1,,,,116923434,,,,,,,,,,,,,,,,,,,,,,,AMD EPYC 9654 96-Core Processor,2,,96,394.673,,99068.5,,251.014,,99.0
Palabos_anerusym,LBM,8,1,,,,116923434,,,,,,,,,,,,,,,,,,,,,,,AMD EPYC 9654 96-Core Processor,2,,96,399.483,,99001.5,,247.824,,99.0
Palabos_anerusym,LBM,8,1,,,,116923434,,,,,,,,,,,,,,,,,,,,,,,AMD EPYC 7H12 64-Core Processor,2,,64,815.698,,166505.0,,204.126,,99.0
Palabos_anerusym,LBM,8,1,,,,34645796,,,,,,,,,,,,,,,,,,,,,,,AMD EPYC 9654 96-Core Processor,2,,96,139.849,,36728.5,,262.63,,99.0
Palabos_anerusym,LBM,8,1,,,,116923434,,,,,,,,,,,,,,,,,,,,,,,AMD EPYC 7H12 64-Core Processor,2,,64,815.685,,166373.0,,203.967,,99.0
Palabos_anerusym,LBM,8,1,,,,116923434,,,,,,,,,,,,,,,,,,,,,,,AMD EPYC 7H12 64-Core Processor,2,,64,828.367,,170147.0,,205.4,,99.0
Palabos_anerusym,LBM,8,1,,,,116923434,,,,,,,,,,,,,,,,,,,,,,,AMD EPYC 7H12 64-Core Processor,2,,64,809.025,,165194.0,,204.189,,99.0
Palabos_anerusym,LBM,8,1,,,,34645796,,,,,,,,,,,,,,,,,,,,,,,AMD EPYC 7H12 64-Core Processor,2,,64,289.625,,62223.7,,214.842,,99.0
Palabos_anerusym,LBM,8,1,,,,116923434,,,,,,,,,,,,,,,,,,,,,,,AMD EPYC 9654 96-Core Processor,2,,96,399.854,,100144.0,,250.451,,99.0
Palabos_anerusym,LBM,8,1,,,,34645796,,,,,,,,,,,,,,,,,,,,,,,AMD EPYC 7H12 64-Core Processor,2,,64,289.076,,60592.8,,209.608,,99.0
Palabos_anerusym,LBM,8,1,,,,116923434,,,,,,,,,,,,,,,,,,,,,,,AMD EPYC 9654 96-Core Processor,2,,96,393.339,,95834.6,,243.644,,99.0
Palabos_anerusym,LBM,8,1,,,,116923434,,,,,,,,,,,,,,,,,,,,,,,AMD EPYC 7H12 64-Core Processor,2,,64,809.122,,165635.0,,204.71,,99.0
Palabos_anerusym,LBM,8,1,,,,116923434,,,,,,,,,,,,,,,,,,,,,,,AMD EPYC 7H12 64-Core Processor,2,,64,827.607,,171071.0,,206.705,,99.0
Palabos_anerusym,LBM,8,1,,,,116923434,,,,,,,,,,,,,,,,,,,,,,,AMD EPYC 7H12 64-Core Processor,2,,64,812.044,,165657.0,,204.0,,99.0
Palabos_anerusym,LBM,8,1,,,,116923434,,,,,,,,,,,,,,,,,,,,,,,AMD EPYC 7H12 64-Core Processor,2,,64,805.906,,161564.0,,200.475,,99.0
Palabos_anerusym,LBM,8,1,,,,116923434,,,,,,,,,,,,,,,,,,,,,,,AMD EPYC 7H12 64-Core Processor,2,,64,829.076,,171652.0,,207.04,,99.0
Palabos_anerusym,LBM,8,1,,,,116923434,,,,,,,,,,,,,,,,,,,,,,,AMD EPYC 7H12 64-Core Processor,2,,64,827.457,,171945.0,,207.799,,99.0
Palabos_anerusym,LBM,8,1,,,,116923434,,,,,,,,,,,,,,,,,,,,,,,AMD EPYC 9654 96-Core Processor,2,,96,391.42,,99194.0,,253.421,,99.0
Palabos_anerusym,LBM,8,1,,,,34645796,,,,,,,,,,,,,,,,,,,,,,,AMD EPYC 7H12 64-Core Processor,2,,64,291.21,,62045.6,,213.061,,99.0
Palabos_anerusym,LBM,8,1,,,,34645796,,,,,,,,,,,,,,,,,,,,,,,AMD EPYC 9654 96-Core Processor,2,,96,140.274,,35498.1,,253.062,,99.0
Palabos_anerusym,LBM,8,1,,,,34645796,,,,,,,,,,,,,,,,,,,,,,,AMD EPYC 9654 96-Core Processor,2,,96,138.586,,35565.5,,256.632,,99.0
Palabos_anerusym,LBM,8,1,,,,2217803,,,,,,,,,,,,,,,,,,,,,,,AMD EPYC 7H12 64-Core Processor,2,,64,30.8407,,6428.31,,208.436,,99.0
Palabos_anerusym,LBM,8,1,,,,116923434,,,,,,,,,,,,,,,,,,,,,,,AMD EPYC 9654 96-Core Processor,2,,96,394.289,,98036.6,,248.642,,99.0
Palabos_anerusym,LBM,8,1,,,,34645796,,,,,,,,,,,,,,,,,,,,,,,AMD EPYC 9654 96-Core Processor,2,,96,139.51,,35732.5,,256.128,,99.0
Palabos_anerusym,LBM,8,1,,,,34645796,,,,,,,,,,,,,,,,,,,,,,,AMD EPYC 9654 96-Core Processor,2,,96,139.939,,36376.8,,259.947,,99.0
Palabos_anerusym,LBM,8,1,,,,34645796,,,,,,,,,,,,,,,,,,,,,,,AMD EPYC 7H12 64-Core Processor,2,,64,290.763,,62263.2,,214.137,,99.0
Palabos_anerusym,LBM,8,1,,,,34645796,,,,,,,,,,,,,,,,,,,,,,,AMD EPYC 9654 96-Core Processor,2,,96,139.917,,36052.3,,257.669,,99.0
Palabos_anerusym,LBM,8,1,,,,116923434,,,,,,,,,,,,,,,,,,,,,,,AMD EPYC 7H12 64-Core Processor,2,,64,815.935,,165879.0,,203.299,,99.0
Palabos_anerusym,LBM,8,1,,,,34645796,,,,,,,,,,,,,,,,,,,,,,,AMD EPYC 7H12 64-Core Processor,2,,64,290.567,,62296.2,,214.395,,99.0
Palabos_anerusym,LBM,8,1,,,,2217803,,,,,,,,,,,,,,,,,,,,,,,AMD EPYC 9654 96-Core Processor,2,,96,15.1693,,4260.55,,280.866,,99.0
Palabos_anerusym,LBM,8,1,,,,34645796,,,,,,,,,,,,,,,,,,,,,,,AMD EPYC 7H12 64-Core Processor,2,,64,293.335,,63669.2,,217.053,,99.0
Palabos_anerusym,LBM,8,1,,,,116923434,,,,,,,,,,,,,,,,,,,,,,,AMD EPYC 7H12 64-Core Processor,2,,64,807.559,,165537.0,,204.985,,99.0
Palabos_anerusym,LBM,8,1,,,,116923434,,,,,,,,,,,,,,,,,,,,,,,AMD EPYC 9654 96-Core Processor,2,,96,399.062,,101634.0,,254.682,,99.0
Palabos_anerusym,LBM,8,1,,,,116923434,,,,,,,,,,,,,,,,,,,,,,,AMD EPYC 7H12 64-Core Processor,2,,64,825.951,,168946.0,,204.548,,99.0
Palabos_anerusym,LBM,8,1,,,,34645796,,,,,,,,,,,,,,,,,,,,,,,AMD EPYC 7H12 64-Core Processor,2,,64,290.028,,62066.5,,214.002,,99.0
Palabos_anerusym,LBM,8,1,,,,34645796,,,,,,,,,,,,,,,,,,,,,,,AMD EPYC 9654 96-Core Processor,2,,96,139.867,,35689.5,,255.167,,99.0
Palabos_anerusym,LBM,8,1,,,,116923434,,,,,,,,,,,,,,,,,,,,,,,AMD EPYC 7H12 64-Core Processor,2,,64,809.452,,164265.0,,202.933,,99.0
Palabos_anerusym,LBM,8,1,,,,34645796,,,,,,,,,,,,,,,,,,,,,,,AMD EPYC 9654 96-Core Processor,2,,96,141.674,,36092.0,,254.754,,99.0
Palabos_anerusym,LBM,8,1,,,,34645796,,,,,,,,,,,,,,,,,,,,,,,AMD EPYC 7H12 64-Core Processor,2,,64,291.21,,62045.6,,213.061,,99.0
Palabos_anerusym,LBM,8,1,,,,34645796,,,,,,,,,,,,,,,,,,,,,,,AMD EPYC 7H12 64-Core Processor,2,,64,289.842,,61518.1,,212.247,,99.0
Palabos_anerusym,LBM,8,1,,,,116923434,,,,,,,,,,,,,,,,,,,,,,,AMD EPYC 9654 96-Core Processor,2,,96,405.187,,106531.0,,262.919,,99.0
Palabos_anerusym,LBM,8,1,,,,2217803,,,,,,,,,,,,,,,,,,,,,,,AMD EPYC 7H12 64-Core Processor,2,,64,30.1122,,6264.1,,208.025,,99.0
Palabos_anerusym,LBM,8,1,,,,116923434,,,,,,,,,,,,,,,,,,,,,,,AMD EPYC 7H12 64-Core Processor,2,,64,827.303,,170540.0,,206.139,,99.0
Palabos_anerusym,LBM,8,1,,,,116923434,,,,,,,,,,,,,,,,,,,,,,,AMD EPYC 7H12 64-Core Processor,2,,64,813.334,,164798.0,,202.621,,99.0
Palabos_anerusym,LBM,8,1,,,,34645796,,,,,,,,,,,,,,,,,,,,,,,AMD EPYC 9654 96-Core Processor,2,,96,141.426,,36178.7,,255.814,,99.0
Palabos_anerusym,LBM,8,1,,,,116923434,,,,,,,,,,,,,,,,,,,,,,,AMD EPYC 7H12 64-Core Processor,2,,64,817.59,,166522.0,,203.674,,99.0
Palabos_anerusym,LBM,8,1,,,,116923434,,,,,,,,,,,,,,,,,,,,,,,AMD EPYC 7H12 64-Core Processor,2,,64,833.809,,170217.0,,204.144,,99.0
Palabos_anerusym,LBM,8,1,,,,116923434,,,,,,,,,,,,,,,,,,,,,,,AMD EPYC 7H12 64-Core Processor,2,,64,820.94,,169826.0,,206.867,,99.0
Palabos_anerusym,LBM,8,1,,,,2217803,,,,,,,,,,,,,,,,,,,,,,,AMD EPYC 7H12 64-Core Processor,2,,64,29.7976,,6232.49,,209.161,,99.0
Palabos_anerusym,LBM,8,1,,,,116923434,,,,,,,,,,,,,,,,,,,,,,,AMD EPYC 9654 96-Core Processor,2,,96,397.008,,101295.0,,255.146,,99.0
Palabos_anerusym,LBM,8,1,,,,34645796,,,,,,,,,,,,,,,,,,,,,,,AMD EPYC 9654 96-Core Processor,2,,96,138.794,,36017.1,,259.501,,99.0
Palabos_anerusym,LBM,8,1,,,,2217803,,,,,,,,,,,,,,,,,,,,,,,AMD EPYC 7H12 64-Core Processor,2,,64,29.7487,,6257.01,,210.329,,99.0
Palabos_anerusym,LBM,8,1,,,,116923434,,,,,,,,,,,,,,,,,,,,,,,AMD EPYC 9654 96-Core Processor,2,,96,397.539,,98746.4,,248.394,,99.0
Palabos_anerusym,LBM,8,1,,,,34645796,,,,,,,,,,,,,,,,,,,,,,,AMD EPYC 9654 96-Core Processor,2,,96,140.19,,36094.8,,257.47,,99.0
Palabos_anerusym,LBM,8,1,,,,2217803,,,,,,,,,,,,,,,,,,,,,,,AMD EPYC 7H12 64-Core Processor,2,,64,31.1756,,6315.53,,202.579,,99.0
Palabos_anerusym,LBM,8,1,,,,116923434,,,,,,,,,,,,,,,,,,,,,,,AMD EPYC 7H12 64-Core Processor,2,,64,816.128,,167696.0,,205.478,,99.0
Palabos_anerusym,LBM,8,1,,,,116923434,,,,,,,,,,,,,,,,,,,,,,,AMD EPYC 7H12 64-Core Processor,2,,64,822.124,,166174.0,,202.128,,99.0
Palabos_anerusym,LBM,8,1,,,,116923434,,,,,,,,,,,,,,,,,,,,,,,AMD EPYC 7H12 64-Core Processor,2,,64,812.676,,167316.0,,205.883,,99.0
Palabos_anerusym,LBM,8,1,,,,116923434,,,,,,,,,,,,,,,,,,,,,,,AMD EPYC 7H12 64-Core Processor,2,,64,815.751,,168609.0,,206.691,,99.0
Palabos_anerusym,LBM,8,1,,,,2217803,,,,,,,,,,,,,,,,,,,,,,,AMD EPYC 9654 96-Core Processor,2,,96,15.0213,,4089.96,,272.277,,99.0
Palabos_anerusym,LBM,8,1,,,,34645796,,,,,,,,,,,,,,,,,,,,,,,AMD EPYC 9654 96-Core Processor,2,,96,142.608,,36636.9,,256.907,,99.0
Palabos_anerusym,LBM,8,1,,,,116923434,,,,,,,,,,,,,,,,,,,,,,,AMD EPYC 9654 96-Core Processor,2,,96,398.346,,99608.7,,250.056,,99.0
xgemm,simple_gpu,4,18,0.0,0.0,0.0,30000,,,,1.2363,0.00228041,0.0477536,1.32428,0.000979333,0.0312943,168.153,43.6888,6.60975,100.884,7.02623,2.6507,136.01,0.0977736,0.312688,76.1782,0.497713,0.705488,20.0,Intel(R) Xeon(R) Platinum 8360Y CPU @ 2.40GHz,2,NVIDIA A100-SXM4-40GB,36,,,,,,,
xgemm,simple_gpu,4,18,0.0,0.0,0.0,1000,,,,0.100113,2.4891e-11,4.98909e-06,0.101567,9.10041e-06,0.00301669,12.5854,0.00805168,0.0897312,6.9582,0.0405406,0.201347,125.713,0.798711,0.893706,68.5096,0.00546554,0.0739293,20.0,Intel(R) Xeon(R) Platinum 8360Y CPU @ 2.40GHz,2,NVIDIA A100-SXM4-40GB,36,,,,,,,
xgemm,simple_gpu,8,18,0.0,0.0,0.0,40000,,,,4.51976,0.00127855,0.0357568,4.60971,0.000691902,0.026304,617.588,75.743,8.70305,323.155,12.4719,3.53156,136.637,1.29449,1.13776,70.1031,0.427117,0.653542,20.0,Intel(R) Xeon(R) Platinum 8360Y CPU @ 2.40GHz,2,NVIDIA A100-SXM4-40GB,36,,,,,,,
xgemm,simple_gpu,4,18,0.0,0.0,0.0,100,,,,0.100109,1.67029e-11,4.08691e-06,0.100064,4.80404e-06,0.00219181,13.9785,0.123325,0.351177,6.99775,0.0236194,0.153686,139.632,12.2988,3.50696,69.9329,0.0149242,0.122165,20.0,Intel(R) Xeon(R) Platinum 8360Y CPU @ 2.40GHz,2,NVIDIA A100-SXM4-40GB,36,,,,,,,
xgemm,simple_gpu,4,18,0.0,0.0,0.0,10,,,,0.100105,2.42082e-12,1.5559e-06,0.100052,4.80476e-06,0.00219198,12.3092,0.00141229,0.0375804,6.84225,0.0229621,0.151533,122.964,0.140899,0.375365,68.3869,0.0090913,0.0953483,20.0,Intel(R) Xeon(R) Platinum 8360Y CPU @ 2.40GHz,2,NVIDIA A100-SXM4-40GB,36,,,,,,,
xgemm,simple_gpu,8,18,0.0,0.0,0.0,40000,,,,4.48968,0.00830157,0.091113,4.578,0.00587358,0.0766393,582.579,535.851,23.1485,345.39,30.5315,5.52553,129.715,7.77865,2.78902,75.4479,0.201179,0.44853,20.0,Intel(R) Xeon(R) Platinum 8360Y CPU @ 2.40GHz,2,NVIDIA A100-SXM4-40GB,36,,,,,,,
xgemm,simple_gpu,4,18,0.0,0.0,0.0,20000,,,,0.570596,0.00210439,0.0458737,0.659331,0.000492145,0.0221843,73.0031,31.6175,5.62295,47.5228,2.90731,1.70508,127.98,0.2475,0.497494,72.0758,0.597608,0.773051,20.0,Intel(R) Xeon(R) Platinum 8360Y CPU @ 2.40GHz,2,NVIDIA A100-SXM4-40GB,36,,,,,,,
xgemm,simple_gpu,4,18,0.0,0.0,0.0,1000,,,,0.100116,4.05934e-11,6.3713e-06,0.101563,9.1009e-06,0.00301677,12.0876,0.00360558,0.0600465,7.5879,0.0504078,0.224517,120.736,0.359175,0.599312,74.7115,0.0288795,0.16994,20.0,Intel(R) Xeon(R) Platinum 8360Y CPU @ 2.40GHz,2,NVIDIA A100-SXM4-40GB,36,,,,,,,
xgemm,simple_gpu,8,18,0.0,0.0,0.0,100,,,,0.100105,1.19648e-11,3.45902e-06,0.100559,1.20421e-11,3.47018e-06,13.8875,0.283264,0.532225,7.28325,0.000272668,0.0165127,138.729,28.2732,5.31726,72.4274,0.0272396,0.165044,20.0,Intel(R) Xeon(R) Platinum 8360Y CPU @ 2.40GHz,2,NVIDIA A100-SXM4-40GB,36,,,,,,,
xgemm,simple_gpu,4,18,0.0,0.0,0.0,1000,,,,0.100109,3.81719e-11,6.17834e-06,0.102067,1.28924e-05,0.0035906,12.813,0.0116819,0.108083,7.5386,0.0724849,0.26923,127.99,1.16798,1.08073,73.8582,0.0186346,0.136509,20.0,Intel(R) Xeon(R) Platinum 8360Y CPU @ 2.40GHz,2,NVIDIA A100-SXM4-40GB,36,,,,,,,
xgemm,simple_gpu,4,18,0.0,0.0,0.0,30000,,,,1.24632,0.00248088,0.0498084,1.33437,0.00184135,0.0429109,167.851,49.6193,7.0441,93.8863,8.33567,2.88716,134.678,2.85848,1.6907,70.3658,0.32203,0.567477,20.0,Intel(R) Xeon(R) Platinum 8360Y CPU @ 2.40GHz,2,NVIDIA A100-SXM4-40GB,36,,,,,,,
xgemm,simple_gpu,4,18,0.0,0.0,0.0,40000,,,,2.28734,0.00834475,0.0913496,2.37638,0.00892548,0.0944748,314.487,721.702,26.8645,170.817,39.9021,6.31681,137.274,40.984,6.40188,71.8913,0.441148,0.66419,20.0,Intel(R) Xeon(R) Platinum 8360Y CPU @ 2.40GHz,2,NVIDIA A100-SXM4-40GB,36,,,,,,,
xgemm,simple_gpu,4,18,0.0,0.0,0.0,100,,,,0.10011,1.53955e-11,3.92371e-06,0.10056,1.10987e-11,3.33147e-06,12.6103,0.0230516,0.151828,7.16515,0.000248416,0.0157612,125.964,2.28963,1.51315,71.2526,0.0246696,0.157065,20.0,Intel(R) Xeon(R) Platinum 8360Y CPU @ 2.40GHz,2,NVIDIA A100-SXM4-40GB,36,,,,,,,
xgemm,simple_gpu,8,18,0.0,0.0,0.0,40000,,,,4.47042,0.0022784,0.0477326,4.55671,0.00178811,0.042286,654.201,40.9689,6.4007,334.514,10.0032,3.16278,146.342,0.342892,0.58557,73.4121,0.146588,0.382869,20.0,Intel(R) Xeon(R) Platinum 8360Y CPU @ 2.40GHz,2,NVIDIA A100-SXM4-40GB,36,,,,,,,
xgemm,simple_gpu,4,18,0.0,0.0,0.0,10,,,,0.100106,8.16996e-12,2.85831e-06,0.100055,4.80359e-06,0.00219171,12.7346,0.00748267,0.0865025,7.4112,0.0266134,0.163136,127.211,0.744147,0.862639,74.0709,0.0287519,0.169564,20.0,Intel(R) Xeon(R) Platinum 8360Y CPU @ 2.40GHz,2,NVIDIA A100-SXM4-40GB,36,,,,,,,
xgemm,simple_gpu,8,18,0.0,0.0,0.0,30000,,,,2.55805,0.00249076,0.0499075,2.64625,0.000554302,0.0235436,359.96,108.827,10.432,191.173,7.70023,2.77493,140.701,4.74216,2.17765,72.242,0.510779,0.714688,20.0,Intel(R) Xeon(R) Platinum 8360Y CPU @ 2.40GHz,2,NVIDIA A100-SXM4-40GB,36,,,,,,,
xgemm,simple_gpu,4,18,0.0,0.0,0.0,20000,,,,0.565573,0.00227945,0.0477436,0.656094,0.000484039,0.0220009,76.7698,39.0047,6.24538,46.7739,1.81981,1.34901,135.776,0.361847,0.601537,71.3086,0.66839,0.817551,20.0,Intel(R) Xeon(R) Platinum 8360Y CPU @ 2.40GHz,2,NVIDIA A100-SXM4-40GB,36,,,,,,,
xgemm,simple_gpu,8,18,0.0,0.0,0.0,20000,,,,1.14622,0.00248071,0.0498067,1.23286,0.000663275,0.0257541,165.36,92.0984,9.59679,91.5423,4.68209,2.16381,144.235,22.2762,4.71977,74.2493,0.3012,0.548817,20.0,Intel(R) Xeon(R) Platinum 8360Y CPU @ 2.40GHz,2,NVIDIA A100-SXM4-40GB,36,,,,,,,
xgemm,simple_gpu,8,18,0.0,0.0,0.0,100,,,,0.100112,7.19353e-12,2.68208e-06,0.100567,8.35314e-12,2.89018e-06,13.2758,0.00907554,0.0952656,6.81695,0.000121992,0.011045,132.61,0.906608,0.952159,67.7855,0.0119811,0.109458,20.0,Intel(R) Xeon(R) Platinum 8360Y CPU @ 2.40GHz,2,NVIDIA A100-SXM4-40GB,36,,,,,,,
xgemm,simple_gpu,4,18,0.0,0.0,0.0,10000,,,,0.145157,0.00248032,0.0498028,0.231289,0.000455076,0.0213325,18.48,39.2467,6.26472,17.5932,2.57868,1.60583,127.502,2.01424,1.41924,76.0772,0.44157,0.664507,20.0,Intel(R) Xeon(R) Platinum 8360Y CPU @ 2.40GHz,2,NVIDIA A100-SXM4-40GB,36,,,,,,,
xgemm,simple_gpu,8,18,0.0,0.0,0.0,10000,,,,0.290316,0.00190483,0.0436444,0.375902,0.00187513,0.0433028,40.643,43.6071,6.60356,25.7611,8.37794,2.89447,139.813,26.3747,5.13563,68.5604,0.136461,0.369406,20.0,Intel(R) Xeon(R) Platinum 8360Y CPU @ 2.40GHz,2,NVIDIA A100-SXM4-40GB,36,,,,,,,
xgemm,simple_gpu,8,18,0.0,0.0,0.0,10000,,,,0.300322,6.13875e-11,7.83502e-06,0.389163,9.2235e-05,0.00960391,43.0152,2.44109,1.5624,28.7336,0.616268,0.785028,143.23,27.0613,5.20204,73.8315,0.342159,0.584944,20.0,Intel(R) Xeon(R) Platinum 8360Y CPU @ 2.40GHz,2,NVIDIA A100-SXM4-40GB,36,,,,,,,
xgemm,simple_gpu,4,18,0.0,0.0,0.0,1000,,,,0.100107,4.39934e-11,6.63275e-06,0.102065,1.28927e-05,0.00359064,12.1167,0.00428736,0.065478,7.6326,0.0715667,0.267519,121.038,0.422026,0.649635,74.7822,0.0163383,0.127821,20.0,Intel(R) Xeon(R) Platinum 8360Y CPU @ 2.40GHz,2,NVIDIA A100-SXM4-40GB,36,,,,,,,
xgemm,simple_gpu,8,18,0.0,0.0,0.0,20000,,,,1.10618,0.000476179,0.0218215,1.19481,0.00140617,0.0374989,151.554,10.126,3.18214,83.5677,7.33308,2.70797,137.012,2.50228,1.58186,69.9425,0.358093,0.598409,20.0,Intel(R) Xeon(R) Platinum 8360Y CPU @ 2.40GHz,2,NVIDIA A100-SXM4-40GB,36,,,,,,,
xgemm,simple_gpu,8,18,0.0,0.0,0.0,1000,,,,0.100104,1.04569e-11,3.23372e-06,0.103575,2.12504e-05,0.00460982,13.595,0.2578,0.50774,6.9786,0.0965221,0.31068,135.809,25.7045,5.06996,67.3771,0.012624,0.112357,20.0,Intel(R) Xeon(R) Platinum 8360Y CPU @ 2.40GHz,2,NVIDIA A100-SXM4-40GB,36,,,,,,,
xgemm,simple_gpu,8,18,0.0,0.0,0.0,1000,,,,0.100114,2.25741e-11,4.75122e-06,0.103084,1.89683e-05,0.00435526,14.0057,0.0457161,0.213813,7.38545,0.0974629,0.312191,139.897,4.55847,2.13506,71.6448,0.0061005,0.0781057,20.0,Intel(R) Xeon(R) Platinum 8360Y CPU @ 2.40GHz,2,NVIDIA A100-SXM4-40GB,36,,,,,,,
xgemm,simple_gpu,4,18,0.0,0.0,0.0,10,,,,0.10011,2.91834e-11,5.40217e-06,0.100057,4.80365e-06,0.00219172,12.3119,0.00419639,0.0647795,6.83135,0.0227738,0.15091,122.984,0.414448,0.643777,68.274,0.00327558,0.0572327,20.0,Intel(R) Xeon(R) Platinum 8360Y CPU @ 2.40GHz,2,NVIDIA A100-SXM4-40GB,36,,,,,,,
xgemm,simple_gpu,8,18,0.0,0.0,0.0,20000,,,,1.18626,0.00127819,0.0357518,1.2742,0.000619361,0.024887,161.818,67.4364,8.21197,95.6711,4.00913,2.00228,136.353,16.5057,4.06272,75.0821,0.115661,0.34009,20.0,Intel(R) Xeon(R) Platinum 8360Y CPU @ 2.40GHz,2,NVIDIA A100-SXM4-40GB,36,,,,,,,
xgemm,simple_gpu,4,18,0.0,0.0,0.0,20000,,,,0.580639,0.00160354,0.0400442,0.667881,0.000492092,0.0221832,79.0171,27.4123,5.23568,46.8134,2.47973,1.57472,136.116,0.526949,0.725913,70.0931,0.207702,0.455743,20.0,Intel(R) Xeon(R) Platinum 8360Y CPU @ 2.40GHz,2,NVIDIA A100-SXM4-40GB,36,,,,,,,
xgemm,simple_gpu,4,18,0.0,0.0,0.0,10000,,,,0.150156,0.00250508,0.0500508,0.238812,1.89568e-05,0.00435394,20.2215,43.2365,6.57544,16.5634,0.111165,0.333414,135.09,3.5079,1.87294,69.3565,0.229889,0.479467,20.0,Intel(R) Xeon(R) Platinum 8360Y CPU @ 2.40GHz,2,NVIDIA A100-SXM4-40GB,36,,,,,,,
xgemm,simple_gpu,8,18,0.0,0.0,0.0,10000,,,,0.300326,7.51692e-11,8.67002e-06,0.388234,0.000307543,0.0175369,40.5586,3.03851,1.74313,29.135,1.43051,1.19604,135.049,33.6855,5.80392,75.0641,0.49333,0.702374,20.0,Intel(R) Xeon(R) Platinum 8360Y CPU @ 2.40GHz,2,NVIDIA A100-SXM4-40GB,36,,,,,,,
xgemm,simple_gpu,4,18,0.0,0.0,0.0,10,,,,0.100104,6.27779e-12,2.50555e-06,0.100053,4.79861e-06,0.00219057,12.0786,0.00552339,0.0743195,7.49125,0.0263609,0.16236,120.66,0.550867,0.742204,74.873,0.0113886,0.106718,20.0,Intel(R) Xeon(R) Platinum 8360Y CPU @ 2.40GHz,2,NVIDIA A100-SXM4-40GB,36,,,,,,,
xgemm,simple_gpu,8,18,0.0,0.0,0.0,100,,,,0.100126,6.22937e-10,2.49587e-05,0.10057,8.59529e-12,2.93177e-06,13.5189,0.309949,0.55673,6.76175,9.19676e-05,0.00958998,135.018,30.7432,5.54465,67.2342,0.00903306,0.0950424,20.0,Intel(R) Xeon(R) Platinum 8360Y CPU @ 2.40GHz,2,NVIDIA A100-SXM4-40GB,36,,,,,,,
xgemm,simple_gpu,8,18,0.0,0.0,0.0,100,,,,0.100106,3.17243e-12,1.78113e-06,0.100557,7.07971e-12,2.66077e-06,13.1812,0.032034,0.178981,7.0308,0.000115108,0.0107289,131.673,3.19757,1.78818,69.9186,0.0113326,0.106455,20.0,Intel(R) Xeon(R) Platinum 8360Y CPU @ 2.40GHz,2,NVIDIA A100-SXM4-40GB,36,,,,,,,
xgemm,simple_gpu,8,18,0.0,0.0,0.0,1000,,,,0.100108,2.2399e-11,4.73276e-06,0.103086,1.89695e-05,0.0043554,13.992,0.158286,0.397852,6.95685,0.0851577,0.291818,139.769,15.7789,3.97226,67.4867,0.0214742,0.146541,20.0,Intel(R) Xeon(R) Platinum 8360Y CPU @ 2.40GHz,2,NVIDIA A100-SXM4-40GB,36,,,,,,,
xgemm,simple_gpu,8,18,0.0,0.0,0.0,20000,,,,1.18131,0.00160385,0.0400481,1.26904,0.00143391,0.037867,160.66,79.8021,8.9332,85.5148,7.43339,2.72642,135.923,15.9956,3.99945,67.3831,0.285294,0.534129,20.0,Intel(R) Xeon(R) Platinum 8360Y CPU @ 2.40GHz,2,NVIDIA A100-SXM4-40GB,36,,,,,,,
xgemm,simple_gpu,4,18,0.0,0.0,0.0,20000,,,,0.590659,0.00290733,0.0539197,0.681357,0.00162723,0.040339,86.2625,179.247,13.3883,48.5573,8.00241,2.82885,145.471,142.746,11.9476,71.2714,0.230021,0.479605,20.0,Intel(R) Xeon(R) Platinum 8360Y CPU @ 2.40GHz,2,NVIDIA A100-SXM4-40GB,36,,,,,,,
xgemm,simple_gpu,8,18,0.0,0.0,0.0,30000,,,,2.57776,0.0129269,0.113697,2.66524,0.0152506,0.123493,343.298,1118.3,33.441,201.302,88.1966,9.3913,132.907,44.0303,6.63554,75.5299,0.341923,0.584742,20.0,Intel(R) Xeon(R) Platinum 8360Y CPU @ 2.40GHz,2,NVIDIA A100-SXM4-40GB,36,,,,,,,
xgemm,simple_gpu,8,18,0.0,0.0,0.0,10,,,,0.100111,1.25249e-11,3.53905e-06,0.100564,2.97376e-11,5.45322e-06,13.0014,0.0133595,0.115583,6.80405,8.93412e-05,0.00945205,129.87,1.33441,1.15517,67.659,0.00899539,0.094844,20.0,Intel(R) Xeon(R) Platinum 8360Y CPU @ 2.40GHz,2,NVIDIA A100-SXM4-40GB,36,,,,,,,
xgemm,simple_gpu,4,18,0.0,0.0,0.0,30000,,,,1.33654,0.00228149,0.047765,1.42658,0.000812059,0.0284966,201.322,57.8022,7.60278,103.039,2.93713,1.71381,150.621,0.83921,0.916084,72.2399,1.01824,1.00908,20.0,Intel(R) Xeon(R) Platinum 8360Y CPU @ 2.40GHz,2,NVIDIA A100-SXM4-40GB,36,,,,,,,
xgemm,simple_gpu,8,18,0.0,0.0,0.0,1000,,,,0.100106,7.13726e-12,2.67157e-06,0.102569,1.61842e-05,0.00402296,12.8378,0.00433311,0.0658264,7.37075,0.0791029,0.281252,128.242,0.431694,0.657034,71.8651,0.0759109,0.275519,20.0,Intel(R) Xeon(R) Platinum 8360Y CPU @ 2.40GHz,2,NVIDIA A100-SXM4-40GB,36,,,,,,,
xgemm,simple_gpu,8,18,0.0,0.0,0.0,100,,,,0.100104,1.95853e-11,4.42552e-06,0.100556,5.47402e-12,2.33966e-06,13.7276,0.453539,0.673453,6.74815,0.000104721,0.0102333,137.133,45.254,6.72711,67.1086,0.0103991,0.101976,20.0,Intel(R) Xeon(R) Platinum 8360Y CPU @ 2.40GHz,2,NVIDIA A100-SXM4-40GB,36,,,,,,,
xgemm,simple_gpu,4,18,0.0,0.0,0.0,100,,,,0.100111,3.37474e-11,5.80925e-06,0.100066,4.80665e-06,0.00219241,12.6421,0.0399958,0.199989,7.11385,0.0231292,0.152083,126.28,3.97717,1.99428,71.0924,0.0163824,0.127994,20.0,Intel(R) Xeon(R) Platinum 8360Y CPU @ 2.40GHz,2,NVIDIA A100-SXM4-40GB,36,,,,,,,
xgemm,simple_gpu,8,18,0.0,0.0,0.0,1000,,,,0.100105,6.02768e-12,2.45513e-06,0.103573,2.12354e-05,0.00460819,12.931,0.0196598,0.140213,7.24325,0.103249,0.321323,129.174,1.96237,1.40085,69.9345,0.0155037,0.124514,20.0,Intel(R) Xeon(R) Platinum 8360Y CPU @ 2.40GHz,2,NVIDIA A100-SXM4-40GB,36,,,,,,,
xgemm,simple_gpu,4,18,0.0,0.0,0.0,1000,,,,0.100107,2.53522e-12,1.59224e-06,0.102063,1.28921e-05,0.00359055,11.6238,0.00377481,0.0614395,6.63765,0.0566967,0.238111,116.114,0.376985,0.613991,65.0335,0.0300893,0.173463,20.0,Intel(R) Xeon(R) Platinum 8360Y CPU @ 2.40GHz,2,NVIDIA A100-SXM4-40GB,36,,,,,,,
xgemm,simple_gpu,8,18,0.0,0.0,0.0,30000,,,,2.55807,0.00247739,0.0497733,2.645,0.000596607,0.0244255,373.363,64.064,8.004,194.679,7.11992,2.66832,145.956,1.97231,1.40439,73.602,0.471361,0.686557,20.0,Intel(R) Xeon(R) Platinum 8360Y CPU @ 2.40GHz,2,NVIDIA A100-SXM4-40GB,36,,,,,,,
xgemm,simple_gpu,4,18,0.0,0.0,0.0,20000,,,,0.570568,0.00210433,0.045873,0.660646,0.000981979,0.0313366,72.8001,31.8458,5.6432,47.4925,5.42527,2.32922,127.625,0.220132,0.469183,71.8849,0.423859,0.651044,20.0,Intel(R) Xeon(R) Platinum 8360Y CPU @ 2.40GHz,2,NVIDIA A100-SXM4-40GB,36,,,,,,,
xgemm,simple_gpu,4,18,0.0,0.0,0.0,30000,,,,1.32642,0.00187867,0.0433437,1.41391,0.000964604,0.0310581,178.251,30.2936,5.50396,103.456,6.10091,2.47,134.393,0.131847,0.363108,73.1715,0.584645,0.764621,20.0,Intel(R) Xeon(R) Platinum 8360Y CPU @ 2.40GHz,2,NVIDIA A100-SXM4-40GB,36,,,,,,,
xgemm,simple_gpu,4,18,0.0,0.0,0.0,20000,,,,0.565634,0.0022783,0.0477316,0.654189,0.000571797,0.0239123,74.2501,36.803,6.06655,46.7791,2.87441,1.69541,131.302,0.44867,0.669828,71.5127,0.557679,0.746779,20.0,Intel(R) Xeon(R) Platinum 8360Y CPU @ 2.40GHz,2,NVIDIA A100-SXM4-40GB,36,,,,,,,
xgemm,simple_gpu,8,18,0.0,0.0,0.0,10000,,,,0.285302,0.0022797,0.0477462,0.3751,0.0013258,0.0364116,41.0456,57.773,7.60085,27.6162,6.67165,2.58295,143.564,23.6384,4.86194,73.6581,0.320714,0.566316,20.0,Intel(R) Xeon(R) Platinum 8360Y CPU @ 2.40GHz,2,NVIDIA A100-SXM4-40GB,36,,,,,,,
xgemm,simple_gpu,4,18,0.0,0.0,0.0,40000,,,,2.25223,0.00250477,0.0500477,2.33949,0.00140878,0.0375337,344.792,51.7176,7.19149,167.325,8.21868,2.86682,153.109,4.65918,2.15851,71.5225,0.250807,0.500806,20.0,Intel(R) Xeon(R) Platinum 8360Y CPU @ 2.40GHz,2,NVIDIA A100-SXM4-40GB,36,,,,,,,
xgemm,simple_gpu,8,18,0.0,0.0,0.0,10000,,,,0.300342,1.40198e-10,1.18405e-05,0.387167,8.62803e-05,0.00928872,43.0468,2.1843,1.47794,28.5551,0.488564,0.698974,143.326,24.2099,4.92036,73.7547,0.25639,0.50635,20.0,Intel(R) Xeon(R) Platinum 8360Y CPU @ 2.40GHz,2,NVIDIA A100-SXM4-40GB,36,,,,,,,
xgemm,simple_gpu,8,18,0.0,0.0,0.0,1000,,,,0.100112,7.05711e-12,2.65652e-06,0.103584,2.12407e-05,0.00460876,13.3402,0.0084935,0.0921602,7.0156,0.097177,0.311732,133.253,0.845948,0.919754,67.729,0.0167818,0.129545,20.0,Intel(R) Xeon(R) Platinum 8360Y CPU @ 2.40GHz,2,NVIDIA A100-SXM4-40GB,36,,,,,,,
xgemm,simple_gpu,8,18,0.0,0.0,0.0,30000,,,,2.63269,0.00210432,0.0458729,2.7187,0.00160804,0.0401003,371.437,72.2287,8.49875,188.104,11.5604,3.40006,141.08,2.39421,1.54732,69.1876,0.32316,0.568471,20.0,Intel(R) Xeon(R) Platinum 8360Y CPU @ 2.40GHz,2,NVIDIA A100-SXM4-40GB,36,,,,,,,
xgemm,simple_gpu,4,18,0.0,0.0,0.0,10000,,,,0.150171,0.00250594,0.0500594,0.23933,1.61959e-05,0.00402441,20.1647,43.9521,6.62964,16.6145,0.0708815,0.266236,134.513,2.21669,1.48885,69.425,0.430411,0.656057,20.0,Intel(R) Xeon(R) Platinum 8360Y CPU @ 2.40GHz,2,NVIDIA A100-SXM4-40GB,36,,,,,,,
xgemm,simple_gpu,8,18,0.0,0.0,0.0,10,,,,0.100107,1.49377e-11,3.86494e-06,0.100057,4.80219e-06,0.00219139,13.7818,0.294149,0.542355,7.22195,0.0252078,0.15877,137.67,29.3591,5.4184,72.1783,0.00795005,0.0891631,20.0,Intel(R) Xeon(R) Platinum 8360Y CPU @ 2.40GHz,2,NVIDIA A100-SXM4-40GB,36,,,,,,,
xgemm,simple_gpu,4,18,0.0,0.0,0.0,10,,,,0.100111,1.37788e-12,1.17383e-06,0.100573,2.57728e-12,1.60539e-06,14.0888,0.0424546,0.206045,7.031,0.000203926,0.0142803,140.731,4.23673,2.05833,69.9093,0.0202244,0.142212,20.0,Intel(R) Xeon(R) Platinum 8360Y CPU @ 2.40GHz,2,NVIDIA A100-SXM4-40GB,36,,,,,,,
xgemm,simple_gpu,4,18,0.0,0.0,0.0,10000,,,,0.150154,0.00250496,0.0500495,0.238323,2.1306e-05,0.00461584,20.095,43.405,6.58825,16.7439,0.127561,0.357157,134.106,1.72011,1.31153,70.2567,0.309185,0.556044,20.0,Intel(R) Xeon(R) Platinum 8360Y CPU @ 2.40GHz,2,NVIDIA A100-SXM4-40GB,36,,,,,,,
xgemm,simple_gpu,8,18,0.0,0.0,0.0,10,,,,0.100099,2.72225e-10,1.64992e-05,0.100062,4.80724e-06,0.00219254,13.1221,0.0106586,0.103241,6.9712,0.0235328,0.153404,131.092,1.06656,1.03275,69.6689,0.0242498,0.155723,20.0,Intel(R) Xeon(R) Platinum 8360Y CPU @ 2.40GHz,2,NVIDIA A100-SXM4-40GB,36,,,,,,,
xgemm,simple_gpu,4,18,0.0,0.0,0.0,40000,,,,2.27749,0.00488592,0.0698994,2.36565,0.00323636,0.056889,311.301,237.212,15.4017,166.532,16.616,4.07627,136.625,10.8779,3.29816,70.3975,0.32626,0.571192,20.0,Intel(R) Xeon(R) Platinum 8360Y CPU @ 2.40GHz,2,NVIDIA A100-SXM4-40GB,36,,,,,,,
xgemm,simple_gpu,8,18,0.0,0.0,0.0,30000,,,,2.57272,0.00411193,0.0641243,2.65984,0.00376524,0.0613616,370.808,260.455,16.1386,197.788,17.7811,4.21676,144.082,12.2782,3.50403,74.3658,0.306007,0.553179,20.0,Intel(R) Xeon(R) Platinum 8360Y CPU @ 2.40GHz,2,NVIDIA A100-SXM4-40GB,36,,,,,,,
xgemm,simple_gpu,8,18,0.0,0.0,0.0,10000,,,,0.2853,0.00127767,0.0357445,0.372064,0.000455135,0.0213339,38.6014,22.2738,4.71951,26.58,2.19633,1.482,135.386,3.28999,1.81383,71.4504,0.259446,0.509359,20.0,Intel(R) Xeon(R) Platinum 8360Y CPU @ 2.40GHz,2,NVIDIA A100-SXM4-40GB,36,,,,,,,
xgemm,simple_gpu,8,18,0.0,0.0,0.0,100,,,,0.100112,9.06354e-12,3.01057e-06,0.100564,1.01026e-11,3.17846e-06,13.1125,0.0176803,0.132967,6.83375,6.07067e-05,0.00779145,130.979,1.76187,1.32736,67.9544,0.00590162,0.076822,20.0,Intel(R) Xeon(R) Platinum 8360Y CPU @ 2.40GHz,2,NVIDIA A100-SXM4-40GB,36,,,,,,,
xgemm,simple_gpu,8,18,0.0,0.0,0.0,20000,,,,1.13625,0.00228062,0.0477559,1.22453,0.000990265,0.0314685,162.787,45.4985,6.74525,86.6748,4.7351,2.17603,143.272,0.474084,0.688537,70.7842,0.144337,0.379917,20.0,Intel(R) Xeon(R) Platinum 8360Y CPU @ 2.40GHz,2,NVIDIA A100-SXM4-40GB,36,,,,,,,
xgemm,simple_gpu,8,18,0.0,0.0,0.0,20000,,,,1.13142,0.00210582,0.0458892,1.22191,0.0018862,0.0434304,165.777,37.3265,6.10954,89.6896,8.53393,2.92129,146.559,5.33768,2.31034,73.4135,0.666785,0.816569,20.0,Intel(R) Xeon(R) Platinum 8360Y CPU @ 2.40GHz,2,NVIDIA A100-SXM4-40GB,36,,,,,,,
xgemm,simple_gpu,8,18,0.0,0.0,0.0,30000,,,,2.53783,0.0022786,0.0477347,2.62729,0.00106112,0.0325749,365.5,108.98,10.4394,186.806,5.46571,2.33789,144.012,7.11329,2.66707,71.1047,0.396818,0.629935,20.0,Intel(R) Xeon(R) Platinum 8360Y CPU @ 2.40GHz,2,NVIDIA A100-SXM4-40GB,36,,,,,,,
xgemm,simple_gpu,8,18,0.0,0.0,0.0,100,,,,0.100105,2.96728e-11,5.44728e-06,0.100061,4.80537e-06,0.00219212,12.0768,0.0109068,0.104435,8.189,0.0336591,0.183464,120.641,1.08866,1.04339,81.839,0.0247062,0.157182,20.0,Intel(R) Xeon(R) Platinum 8360Y CPU @ 2.40GHz,2,NVIDIA A100-SXM4-40GB,36,,,,,,,
xgemm,simple_gpu,4,18,0.0,0.0,0.0,100,,,,0.100106,8.9544e-12,2.99239e-06,0.100059,4.80512e-06,0.00219206,11.9446,0.00602749,0.0776369,7.0537,0.0231646,0.152199,119.319,0.600898,0.775176,70.4965,0.0550222,0.234568,20.0,Intel(R) Xeon(R) Platinum 8360Y CPU @ 2.40GHz,2,NVIDIA A100-SXM4-40GB,36,,,,,,,
xgemm,simple_gpu,4,18,0.0,0.0,0.0,40000,,,,2.21231,0.000902032,0.0300339,2.29976,0.00137666,0.0371034,289.257,14.2393,3.7735,177.214,9.34484,3.05693,130.75,0.00887764,0.0942212,77.0591,0.442795,0.665428,20.0,Intel(R) Xeon(R) Platinum 8360Y CPU @ 2.40GHz,2,NVIDIA A100-SXM4-40GB,36,,,,,,,
xgemm,simple_gpu,4,18,0.0,0.0,0.0,40000,,,,2.30755,0.000475784,0.0218125,2.39515,0.000467641,0.021625,311.064,8.52591,2.91992,175.344,4.99415,2.23476,134.803,0.173686,0.416757,73.2075,0.366375,0.605289,20.0,Intel(R) Xeon(R) Platinum 8360Y CPU @ 2.40GHz,2,NVIDIA A100-SXM4-40GB,36,,,,,,,
xgemm,simple_gpu,4,18,0.0,0.0,0.0,40000,,,,2.21231,0.000902574,0.0300429,2.30215,0.00103613,0.032189,303.52,15.8973,3.98714,161.725,5.75592,2.39915,137.197,0.0623306,0.249661,70.2495,0.114215,0.337958,20.0,Intel(R) Xeon(R) Platinum 8360Y CPU @ 2.40GHz,2,NVIDIA A100-SXM4-40GB,36,,,,,,,
xgemm,simple_gpu,4,18,0.0,0.0,0.0,10000,,,,0.155174,0.00248066,0.0498062,0.244386,0.000789764,0.0281027,25.6633,67.4271,8.2114,17.3364,3.885,1.97104,165.456,2.62689,1.62077,70.9568,0.361168,0.600973,20.0,Intel(R) Xeon(R) Platinum 8360Y CPU @ 2.40GHz,2,NVIDIA A100-SXM4-40GB,36,,,,,,,
xgemm,simple_gpu,4,18,0.0,0.0,0.0,100,,,,0.100101,2.24389e-13,4.73698e-07,0.100551,1.384e-12,1.17643e-06,12.1171,0.00434115,0.0658874,7.50625,0.00012981,0.0113934,121.049,0.433351,0.658294,74.651,0.0128163,0.113209,20.0,Intel(R) Xeon(R) Platinum 8360Y CPU @ 2.40GHz,2,NVIDIA A100-SXM4-40GB,36,,,,,,,
xgemm,simple_gpu,4,18,0.0,0.0,0.0,10,,,,0.100104,3.0866e-12,1.75687e-06,0.100058,4.80663e-06,0.0021924,11.6027,0.00352791,0.0593962,6.4736,0.0201825,0.142065,115.906,0.351475,0.592854,64.6989,0.0236246,0.153703,20.0,Intel(R) Xeon(R) Platinum 8360Y CPU @ 2.40GHz,2,NVIDIA A100-SXM4-40GB,36,,,,,,,
xgemm,simple_gpu,4,18,0.0,0.0,0.0,1000,,,,0.100113,3.48513e-11,5.9035e-06,0.102086,1.28681e-05,0.00358722,12.6363,0.0743272,0.27263,7.25445,0.0657576,0.256432,126.22,7.38203,2.71699,71.0619,0.0366739,0.191504,20.0,Intel(R) Xeon(R) Platinum 8360Y CPU @ 2.40GHz,2,NVIDIA A100-SXM4-40GB,36,,,,,,,
xgemm,simple_gpu,4,18,0.0,0.0,0.0,10,,,,0.100114,2.14997e-11,4.63678e-06,0.100065,4.80459e-06,0.00219194,12.6815,0.0336259,0.183374,7.1183,0.0240326,0.155025,126.67,3.34917,1.83007,71.1375,0.0243096,0.155915,20.0,Intel(R) Xeon(R) Platinum 8360Y CPU @ 2.40GHz,2,NVIDIA A100-SXM4-40GB,36,,,,,,,
xgemm,simple_gpu,8,18,0.0,0.0,0.0,10000,,,,0.280298,0.00160335,0.0400419,0.371081,0.00200182,0.0447417,40.3184,35.8074,5.98392,27.4756,10.6058,3.25665,143.823,27.3988,5.23438,74.0666,0.605232,0.777966,20.0,Intel(R) Xeon(R) Platinum 8360Y CPU @ 2.40GHz,2,NVIDIA A100-SXM4-40GB,36,,,,,,,
xgemm,simple_gpu,4,18,0.0,0.0,0.0,100,,,,0.100103,5.8415e-11,7.64297e-06,0.100052,4.78895e-06,0.00218837,12.0591,0.00521742,0.0722317,7.4817,0.0267929,0.163685,120.467,0.511169,0.714961,74.7783,0.00587833,0.0766702,20.0,Intel(R) Xeon(R) Platinum 8360Y CPU @ 2.40GHz,2,NVIDIA A100-SXM4-40GB,36,,,,,,,
xgemm,simple_gpu,8,18,0.0,0.0,0.0,10,,,,0.100107,2.02766e-11,4.50296e-06,0.100055,4.8031e-06,0.0021916,12.7264,0.0171716,0.13104,7.00165,0.0229669,0.151548,127.128,1.70296,1.30498,69.9787,0.0277415,0.166558,20.0,Intel(R) Xeon(R) Platinum 8360Y CPU @ 2.40GHz,2,NVIDIA A100-SXM4-40GB,36,,,,,,,
xgemm,simple_gpu,4,18,0.0,0.0,0.0,10,,,,0.100106,6.07088e-12,2.46392e-06,0.100057,4.8041e-06,0.00219183,11.9681,0.00187051,0.0432494,7.0757,0.0257988,0.16062,119.555,0.185798,0.431043,70.7158,0.048397,0.219993,20.0,Intel(R) Xeon(R) Platinum 8360Y CPU @ 2.40GHz,2,NVIDIA A100-SXM4-40GB,36,,,,,,,
xgemm,simple_gpu,4,18,0.0,0.0,0.0,100,,,,0.100102,2.74255e-12,1.65607e-06,0.10055,6.07926e-12,2.46562e-06,12.8407,0.0108945,0.104377,6.86275,9.30768e-05,0.00964763,128.276,1.08428,1.04129,68.2522,0.00939471,0.0969263,20.0,Intel(R) Xeon(R) Platinum 8360Y CPU @ 2.40GHz,2,NVIDIA A100-SXM4-40GB,36,,,,,,,
xgemm,simple_gpu,8,18,0.0,0.0,0.0,10,,,,0.100095,1.82094e-10,1.34942e-05,0.100057,4.80431e-06,0.00219187,13.5931,0.195465,0.442115,7.24345,0.0258911,0.160907,135.801,19.5013,4.41603,72.3927,0.00723172,0.0850395,20.0,Intel(R) Xeon(R) Platinum 8360Y CPU @ 2.40GHz,2,NVIDIA A100-SXM4-40GB,36,,,,,,,
xgemm,simple_gpu,4,18,0.0,0.0,0.0,10000,,,,0.140148,0.00240493,0.0490401,0.226758,0.00130905,0.0361809,17.8459,36.9802,6.08114,16.255,6.12415,2.4747,127.742,3.57017,1.88949,71.8107,0.729029,0.853832,20.0,Intel(R) Xeon(R) Platinum 8360Y CPU @ 2.40GHz,2,NVIDIA A100-SXM4-40GB,36,,,,,,,
xgemm,simple_gpu,4,18,0.0,0.0,0.0,1000,,,,0.100108,2.76623e-11,5.25949e-06,0.102067,1.28976e-05,0.00359133,12.6647,0.0670963,0.25903,7.289,0.065597,0.256119,126.51,6.66851,2.58235,71.4139,0.0212949,0.145928,20.0,Intel(R) Xeon(R) Platinum 8360Y CPU @ 2.40GHz,2,NVIDIA A100-SXM4-40GB,36,,,,,,,
xgemm,simple_gpu,8,18,0.0,0.0,0.0,10,,,,0.100101,3.71131e-12,1.92648e-06,0.100048,4.80518e-06,0.00219207,13.3316,0.100986,0.317783,6.71995,0.0218814,0.147924,133.182,10.0727,3.17376,67.167,0.0120319,0.10969,20.0,Intel(R) Xeon(R) Platinum 8360Y CPU @ 2.40GHz,2,NVIDIA A100-SXM4-40GB,36,,,,,,,
xgemm,simple_gpu,4,18,0.0,0.0,0.0,10000,,,,0.145159,0.00248025,0.0498022,0.234313,0.000890629,0.0298434,19.0305,41.2973,6.4263,17.0119,4.45304,2.11022,131.38,8.03166,2.83402,72.6506,0.404634,0.636109,20.0,Intel(R) Xeon(R) Platinum 8360Y CPU @ 2.40GHz,2,NVIDIA A100-SXM4-40GB,36,,,,,,,
xgemm,simple_gpu,8,18,0.0,0.0,0.0,10000,,,,0.285315,0.0012779,0.0357477,0.375159,0.000992397,0.0315023,40.5022,25.7568,5.07512,26.4398,4.74648,2.17864,141.964,1.65807,1.28766,70.4889,0.118366,0.344044,20.0,Intel(R) Xeon(R) Platinum 8360Y CPU @ 2.40GHz,2,NVIDIA A100-SXM4-40GB,36,,,,,,,
xgemm,simple_gpu,8,18,0.0,0.0,0.0,40000,,,,4.58492,0.0056215,0.0749767,4.67152,0.00576356,0.0759181,605.415,548.317,23.4162,339.471,34.7873,5.89807,132.016,14.0229,3.74471,72.669,0.334317,0.578202,20.0,Intel(R) Xeon(R) Platinum 8360Y CPU @ 2.40GHz,2,NVIDIA A100-SXM4-40GB,36,,,,,,,
xgemm,simple_gpu,4,18,0.0,0.0,0.0,30000,,,,1.2764,0.0018779,0.0433347,1.36417,0.000902844,0.0300474,169.382,29.0353,5.38845,98.0145,4.6038,2.14565,132.719,1.84191,1.35717,71.8521,0.366697,0.605555,20.0,Intel(R) Xeon(R) Platinum 8360Y CPU @ 2.40GHz,2,NVIDIA A100-SXM4-40GB,36,,,,,,,
xgemm,simple_gpu,8,18,0.0,0.0,0.0,40000,,,,4.58504,0.00561382,0.0749254,4.67327,0.00419439,0.0647641,623.996,294.149,17.1508,315.382,29.0057,5.38569,136.074,3.74577,1.9354,67.4855,0.350672,0.592176,20.0,Intel(R) Xeon(R) Platinum 8360Y CPU @ 2.40GHz,2,NVIDIA A100-SXM4-40GB,36,,,,,,,
xgemm,simple_gpu,4,18,0.0,0.0,0.0,40000,,,,2.18728,0.00127879,0.0357601,2.27552,0.00100199,0.0316543,300.346,37.8638,6.15336,162.676,6.05901,2.46151,137.31,1.76145,1.3272,71.4905,0.285617,0.534432,20.0,Intel(R) Xeon(R) Platinum 8360Y CPU @ 2.40GHz,2,NVIDIA A100-SXM4-40GB,36,,,,,,,
xgemm,simple_gpu,8,18,0.0,0.0,0.0,40000,,,,4.61034,0.00950204,0.0974784,4.69774,0.0117069,0.108198,616.092,419.639,20.4851,314.052,60.463,7.77579,133.605,4.23291,2.0574,66.8511,0.283958,0.532877,20.0,Intel(R) Xeon(R) Platinum 8360Y CPU @ 2.40GHz,2,NVIDIA A100-SXM4-40GB,36,,,,,,,
xgemm,simple_gpu,4,18,0.0,0.0,0.0,30000,,,,1.31637,0.00127614,0.0357232,1.40582,0.000996582,0.0315687,176.964,20.5601,4.53433,101.458,6.94673,2.63566,134.439,0.107771,0.328285,72.168,0.616053,0.78489,20.0,Intel(R) Xeon(R) Platinum 8360Y CPU @ 2.40GHz,2,NVIDIA A100-SXM4-40GB,36,,,,,,,
xgemm,simple_gpu,4,18,0.0,0.0,0.0,30000,,,,1.24136,0.00240496,0.0490403,1.32998,0.000989795,0.031461,155.941,33.5477,5.79204,88.9365,4.0174,2.00435,125.633,0.196556,0.443347,66.8779,0.706179,0.840344,20.0,Intel(R) Xeon(R) Platinum 8360Y CPU @ 2.40GHz,2,NVIDIA A100-SXM4-40GB,36,,,,,,,
xgemm,simple_gpu,4,18,0.0,0.0,0.0,10,,,,0.100103,4.4576e-11,6.67653e-06,0.100051,4.80408e-06,0.00219182,12.9279,0.0104189,0.102073,6.84275,0.0220095,0.148356,129.146,1.03631,1.01799,68.3932,0.0134368,0.115917,20.0,Intel(R) Xeon(R) Platinum 8360Y CPU @ 2.40GHz,2,NVIDIA A100-SXM4-40GB,36,,,,,,,
xgemm,simple_gpu,8,18,0.0,0.0,0.0,40000,,,,4.6498,0.00750586,0.0866364,4.73711,0.00644574,0.0802853,651.633,1895.02,43.5319,334.024,32.7899,5.72624,140.077,61.9405,7.87023,70.5137,0.228882,0.478417,20.0,Intel(R) Xeon(R) Platinum 8360Y CPU @ 2.40GHz,2,NVIDIA A100-SXM4-40GB,36,,,,,,,
xgemm,simple_gpu,4,18,0.0,0.0,0.0,20000,,,,0.570608,0.00210455,0.0458754,0.658153,0.000490077,0.0221377,86.5511,65.1253,8.07003,47.314,2.99453,1.73047,151.881,110.671,10.52,71.8869,0.821424,0.906325,20.0,Intel(R) Xeon(R) Platinum 8360Y CPU @ 2.40GHz,2,NVIDIA A100-SXM4-40GB,36,,,,,,,
xgemm,simple_gpu,8,18,0.0,0.0,0.0,1000,,,,0.100104,3.7987e-12,1.94903e-06,0.103078,1.89644e-05,0.00435482,12.1167,0.0053065,0.0728457,7.9091,0.110174,0.331924,121.04,0.528264,0.726818,76.7304,0.00841357,0.0917255,20.0,Intel(R) Xeon(R) Platinum 8360Y CPU @ 2.40GHz,2,NVIDIA A100-SXM4-40GB,36,,,,,,,
xgemm,simple_gpu,8,18,0.0,0.0,0.0,40000,,,,4.40961,0.000476668,0.0218327,4.49982,0.0011159,0.0334051,604.911,39.1597,6.25777,323.811,7.4665,2.73249,137.181,1.87508,1.36934,71.9629,0.382743,0.618662,20.0,Intel(R) Xeon(R) Platinum 8360Y CPU @ 2.40GHz,2,NVIDIA A100-SXM4-40GB,36,,,,,,,
xgemm,simple_gpu,4,18,0.0,0.0,0.0,100,,,,0.100104,5.34484e-12,2.31189e-06,0.100553,2.32546e-12,1.52495e-06,12.2922,0.00217461,0.0466328,6.86315,4.17077e-05,0.00645815,122.795,0.217481,0.466348,68.2538,0.00415769,0.0644802,20.0,Intel(R) Xeon(R) Platinum 8360Y CPU @ 2.40GHz,2,NVIDIA A100-SXM4-40GB,36,,,,,,,
xgemm,simple_gpu,4,18,0.0,0.0,0.0,40000,,,,2.27736,0.00187834,0.0433398,2.36789,0.000963942,0.0310474,295.11,27.2857,5.22357,172.15,7.48316,2.73554,129.588,0.0728411,0.269891,72.7006,0.217381,0.466241,20.0,Intel(R) Xeon(R) Platinum 8360Y CPU @ 2.40GHz,2,NVIDIA A100-SXM4-40GB,36,,,,,,,
xgemm,simple_gpu,4,18,0.0,0.0,0.0,100,,,,0.100106,7.94267e-11,8.91217e-06,0.100551,4.39556e-12,2.09656e-06,12.9706,0.014621,0.120917,6.8418,0.000159876,0.0126442,129.568,1.45146,1.20476,68.0429,0.0159075,0.126125,20.0,Intel(R) Xeon(R) Platinum 8360Y CPU @ 2.40GHz,2,NVIDIA A100-SXM4-40GB,36,,,,,,,
xgemm,simple_gpu,8,18,0.0,0.0,0.0,100,,,,0.100107,1.194e-11,3.45542e-06,0.100563,7.72218e-12,2.77888e-06,12.8845,0.0178498,0.133603,7.00035,0.000211644,0.014548,128.706,1.77402,1.33192,69.6118,0.0209136,0.144615,20.0,Intel(R) Xeon(R) Platinum 8360Y CPU @ 2.40GHz,2,NVIDIA A100-SXM4-40GB,36,,,,,,,
xgemm,simple_gpu,8,18,0.0,0.0,0.0,40000,,,,4.45027,0.00350428,0.059197,4.53703,0.00256914,0.0506866,626.646,184.094,13.5681,326.5,19.479,4.41351,140.804,3.68346,1.91924,71.9625,0.197786,0.444732,20.0,Intel(R) Xeon(R) Platinum 8360Y CPU @ 2.40GHz,2,NVIDIA A100-SXM4-40GB,36,,,,,,,
xgemm,simple_gpu,4,18,0.0,0.0,0.0,40000,,,,2.33749,0.00228101,0.0477599,2.42366,0.000910087,0.0301676,314.715,42.7857,6.54108,174.651,8.55096,2.9242,134.637,0.110062,0.331756,72.0596,0.4802,0.692964,20.0,Intel(R) Xeon(R) Platinum 8360Y CPU @ 2.40GHz,2,NVIDIA A100-SXM4-40GB,36,,,,,,,
xgemm,simple_gpu,4,18,0.0,0.0,0.0,10000,,,,0.150169,0.0025059,0.0500589,0.239333,1.61823e-05,0.00402272,19.864,43.0611,6.5621,16.5998,0.0828322,0.287806,132.429,1.42742,1.19475,69.3593,0.185364,0.430539,20.0,Intel(R) Xeon(R) Platinum 8360Y CPU @ 2.40GHz,2,NVIDIA A100-SXM4-40GB,36,,,,,,,
xgemm,simple_gpu,8,18,0.0,0.0,0.0,1000,,,,0.100107,1.49578e-11,3.86753e-06,0.103078,1.89656e-05,0.00435496,12.5776,0.00554122,0.0744394,7.1565,0.0906441,0.301072,125.642,0.551789,0.742825,69.4288,0.0125969,0.112236,20.0,Intel(R) Xeon(R) Platinum 8360Y CPU @ 2.40GHz,2,NVIDIA A100-SXM4-40GB,36,,,,,,,
xgemm,simple_gpu,8,18,0.0,0.0,0.0,20000,,,,1.12119,0.0016031,0.0400387,1.21025,0.00169239,0.0411386,153.833,38.1751,6.1786,86.6878,9.52329,3.08598,137.192,2.89968,1.70285,71.6258,0.248825,0.498824,20.0,Intel(R) Xeon(R) Platinum 8360Y CPU @ 2.40GHz,2,NVIDIA A100-SXM4-40GB,36,,,,,,,
xgemm,simple_gpu,4,18,0.0,0.0,0.0,100,,,,0.100107,1.48954e-10,1.22047e-05,0.100051,4.79951e-06,0.00219078,11.9831,0.00503111,0.0709303,7.0635,0.024418,0.156263,119.703,0.500048,0.707141,70.5984,0.00470698,0.0686074,20.0,Intel(R) Xeon(R) Platinum 8360Y CPU @ 2.40GHz,2,NVIDIA A100-SXM4-40GB,36,,,,,,,
xgemm,simple_gpu,8,18,0.0,0.0,0.0,10,,,,0.100102,1.50868e-11,3.88417e-06,0.100052,4.80674e-06,0.00219243,13.7411,0.373669,0.611285,7.24245,0.0252007,0.158747,137.271,37.2599,6.10409,72.3872,0.0109966,0.104865,20.0,Intel(R) Xeon(R) Platinum 8360Y CPU @ 2.40GHz,2,NVIDIA A100-SXM4-40GB,36,,,,,,,
xgemm,simple_gpu,8,18,0.0,0.0,0.0,30000,,,,2.56285,0.00240704,0.0490616,2.65076,0.00199205,0.0446324,365.767,153.274,12.3804,197.559,10.7753,3.28257,142.699,10.1782,3.19032,74.5303,0.127392,0.35692,20.0,Intel(R) Xeon(R) Platinum 8360Y CPU @ 2.40GHz,2,NVIDIA A100-SXM4-40GB,36,,,,,,,
xgemm,simple_gpu,8,18,0.0,0.0,0.0,10,,,,0.100107,3.61226e-12,1.90059e-06,0.100059,4.80052e-06,0.00219101,13.6044,0.249421,0.499421,7.2246,0.0257434,0.160448,135.899,24.8913,4.98911,72.2027,0.00612181,0.078242,20.0,Intel(R) Xeon(R) Platinum 8360Y CPU @ 2.40GHz,2,NVIDIA A100-SXM4-40GB,36,,,,,,,
xgemm,simple_gpu,4,18,0.0,0.0,0.0,1000,,,,0.100114,1.16472e-12,1.07922e-06,0.102087,1.29089e-05,0.00359289,14.0858,0.0122189,0.110539,7.15495,0.0630803,0.251158,140.698,1.21881,1.104,70.0875,0.0308025,0.175506,20.0,Intel(R) Xeon(R) Platinum 8360Y CPU @ 2.40GHz,2,NVIDIA A100-SXM4-40GB,36,,,,,,,
xgemm,simple_gpu,4,18,0.0,0.0,0.0,20000,,,,0.58064,0.00160362,0.0400452,0.668755,0.000399316,0.0199829,76.4884,26.1356,5.1123,48.8661,2.57957,1.6061,131.773,4.83336,2.19849,73.0687,0.784507,0.885724,20.0,Intel(R) Xeon(R) Platinum 8360Y CPU @ 2.40GHz,2,NVIDIA A100-SXM4-40GB,36,,,,,,,
xgemm,simple_gpu,8,18,0.0,0.0,0.0,1000,,,,0.100112,3.28606e-11,5.73242e-06,0.10308,1.89613e-05,0.00435445,12.1059,0.00637847,0.0798654,8.4437,0.127884,0.357609,120.924,0.633729,0.796071,81.9134,0.0111662,0.10567,20.0,Intel(R) Xeon(R) Platinum 8360Y CPU @ 2.40GHz,2,NVIDIA A100-SXM4-40GB,36,,,,,,,
xgemm,simple_gpu,8,18,0.0,0.0,0.0,20000,,,,1.17135,0.00310933,0.0557613,1.26055,0.0032671,0.0571585,156.437,83.51,9.13838,84.3123,15.4707,3.93329,133.545,17.1527,4.14158,66.8852,0.481111,0.693621,20.0,Intel(R) Xeon(R) Platinum 8360Y CPU @ 2.40GHz,2,NVIDIA A100-SXM4-40GB,36,,,,,,,
xgemm,simple_gpu,8,18,0.0,0.0,0.0,100,,,,0.100112,1.01471e-11,3.18545e-06,0.100571,6.35708e-11,7.97313e-06,13.8043,0.0312061,0.176653,7.1728,0.00018813,0.013716,137.889,3.1112,1.76386,71.3211,0.0190179,0.137905,20.0,Intel(R) Xeon(R) Platinum 8360Y CPU @ 2.40GHz,2,NVIDIA A100-SXM4-40GB,36,,,,,,,
xgemm,simple_gpu,8,18,0.0,0.0,0.0,30000,,,,2.63785,0.00629032,0.0793115,2.72742,0.00428882,0.0654891,372.722,299.598,17.3089,188.121,22.1183,4.70301,141.236,7.78536,2.79023,68.9734,0.184065,0.429028,20.0,Intel(R) Xeon(R) Platinum 8360Y CPU @ 2.40GHz,2,NVIDIA A100-SXM4-40GB,36,,,,,,,
xgemm,simple_gpu,8,18,0.0,0.0,0.0,1000,,,,0.100102,5.35124e-12,2.31327e-06,0.103569,2.12499e-05,0.00460976,13.5351,0.197288,0.444171,7.47385,0.112394,0.335253,135.213,19.6775,4.43593,72.1621,0.0117454,0.108376,20.0,Intel(R) Xeon(R) Platinum 8360Y CPU @ 2.40GHz,2,NVIDIA A100-SXM4-40GB,36,,,,,,,
xgemm,simple_gpu,8,18,0.0,0.0,0.0,20000,,,,1.17129,0.00210594,0.0458905,1.25963,0.00204276,0.0451969,165.392,90.4666,9.5114,87.0192,9.69837,3.11422,141.15,20.0005,4.4722,69.0859,0.328442,0.573099,20.0,Intel(R) Xeon(R) Platinum 8360Y CPU @ 2.40GHz,2,NVIDIA A100-SXM4-40GB,36,,,,,,,
xgemm,simple_gpu,8,18,0.0,0.0,0.0,10000,,,,0.290305,0.000901832,0.0300305,0.378096,0.000499452,0.0223484,39.1811,15.2989,3.91139,26.9195,2.4893,1.57775,135.049,2.95613,1.71934,71.2032,0.344324,0.586791,20.0,Intel(R) Xeon(R) Platinum 8360Y CPU @ 2.40GHz,2,NVIDIA A100-SXM4-40GB,36,,,,,,,
xgemm,simple_gpu,4,18,0.0,0.0,0.0,40000,,,,2.44267,0.00240546,0.0490455,2.53053,0.00161242,0.0401549,388.287,560.035,23.6651,182.716,10.2141,3.19595,158.91,67.0613,8.1891,72.2055,0.377846,0.614692,20.0,Intel(R) Xeon(R) Platinum 8360Y CPU @ 2.40GHz,2,NVIDIA A100-SXM4-40GB,36,,,,,,,
xgemm,simple_gpu,8,18,0.0,0.0,0.0,10000,,,,0.290304,0.00190417,0.0436368,0.377086,0.00110756,0.03328,41.4665,47.9705,6.92607,25.9655,5.15536,2.27054,142.603,24.5329,4.95307,68.8685,0.497289,0.705187,20.0,Intel(R) Xeon(R) Platinum 8360Y CPU @ 2.40GHz,2,NVIDIA A100-SXM4-40GB,36,,,,,,,
xgemm,simple_gpu,4,18,0.0,0.0,0.0,10,,,,0.100115,3.83849e-12,1.95921e-06,0.100075,4.80746e-06,0.00219259,14.0547,0.065895,0.2567,7.0258,0.0234004,0.152972,140.385,6.57225,2.56364,70.2056,0.0284991,0.168817,20.0,Intel(R) Xeon(R) Platinum 8360Y CPU @ 2.40GHz,2,NVIDIA A100-SXM4-40GB,36,,,,,,,
xgemm,simple_gpu,4,18,0.0,0.0,0.0,1000,,,,0.100114,7.16952e-12,2.6776e-06,0.102083,1.28969e-05,0.00359123,14.1493,0.0264113,0.162516,7.10235,0.064156,0.25329,141.331,2.62998,1.62172,69.5736,0.0558433,0.236312,20.0,Intel(R) Xeon(R) Platinum 8360Y CPU @ 2.40GHz,2,NVIDIA A100-SXM4-40GB,36,,,,,,,
xgemm,simple_gpu,4,18,0.0,0.0,0.0,20000,,,,0.555591,0.00248054,0.049805,0.644591,0.000464235,0.0215461,72.3521,38.8596,6.23375,49.4764,2.79458,1.6717,130.268,0.381598,0.617736,76.759,0.599627,0.774356,20.0,Intel(R) Xeon(R) Platinum 8360Y CPU @ 2.40GHz,2,NVIDIA A100-SXM4-40GB,36,,,,,,,
xgemm,simple_gpu,8,18,0.0,0.0,0.0,100,,,,0.100103,4.15184e-12,2.03761e-06,0.100063,4.80446e-06,0.00219191,12.0729,0.0140456,0.118514,7.6908,0.0270811,0.164564,120.605,1.3984,1.18254,76.8607,0.051859,0.227726,20.0,Intel(R) Xeon(R) Platinum 8360Y CPU @ 2.40GHz,2,NVIDIA A100-SXM4-40GB,36,,,,,,,
xgemm,simple_gpu,8,18,0.0,0.0,0.0,10,,,,0.100101,9.32729e-12,3.05406e-06,0.100051,4.80473e-06,0.00219197,13.364,0.112882,0.335979,6.75765,0.0216991,0.147306,133.506,11.2592,3.35548,67.5427,0.0232314,0.152419,20.0,Intel(R) Xeon(R) Platinum 8360Y CPU @ 2.40GHz,2,NVIDIA A100-SXM4-40GB,36,,,,,,,
xgemm,simple_gpu,4,18,0.0,0.0,0.0,30000,,,,1.23625,0.00227988,0.047748,1.32573,2.31343e-05,0.00480982,161.489,35.7514,5.97925,101.849,0.382967,0.618844,130.636,0.132726,0.364315,76.8248,0.174319,0.417516,20.0,Intel(R) Xeon(R) Platinum 8360Y CPU @ 2.40GHz,2,NVIDIA A100-SXM4-40GB,36,,,,,,,
xgemm,simple_gpu,8,18,0.0,0.0,0.0,40000,,,,4.50954,0.000476013,0.0218177,4.59774,0.00112028,0.0334705,617.175,282.682,16.8132,341.919,9.21056,3.03489,136.862,14.2064,3.76914,74.3669,0.182303,0.42697,20.0,Intel(R) Xeon(R) Platinum 8360Y CPU @ 2.40GHz,2,NVIDIA A100-SXM4-40GB,36,,,,,,,
xgemm,simple_gpu,4,18,0.0,0.0,0.0,10000,,,,0.125138,0.00187905,0.043348,0.21119,0.00213386,0.0461937,15.9916,29.4418,5.42603,15.1246,10.6484,3.26319,128.048,5.35779,2.31469,71.6776,0.203132,0.450702,20.0,Intel(R) Xeon(R) Platinum 8360Y CPU @ 2.40GHz,2,NVIDIA A100-SXM4-40GB,36,,,,,,,
xgemm,simple_gpu,4,18,0.0,0.0,0.0,10000,,,,0.145154,0.00247976,0.0497972,0.232272,0.000464092,0.0215428,19.4331,43.5561,6.59971,16.3557,2.26882,1.50626,134.051,1.81672,1.34786,70.4248,0.31636,0.562459,20.0,Intel(R) Xeon(R) Platinum 8360Y CPU @ 2.40GHz,2,NVIDIA A100-SXM4-40GB,36,,,,,,,
xgemm,simple_gpu,8,18,0.0,0.0,0.0,30000,,,,2.48262,0.00160325,0.0400406,2.57145,0.000987011,0.0314167,339.751,46.2647,6.80182,179.998,7.1508,2.6741,136.85,2.09558,1.44761,69.9987,0.32436,0.569526,20.0,Intel(R) Xeon(R) Platinum 8360Y CPU @ 2.40GHz,2,NVIDIA A100-SXM4-40GB,36,,,,,,,
xgemm,simple_gpu,4,18,0.0,0.0,0.0,1000,,,,0.100112,2.67214e-11,5.16927e-06,0.102064,1.28896e-05,0.00359021,12.6151,0.00476569,0.069034,6.97905,0.0621892,0.249378,126.01,0.477334,0.690894,68.3783,0.0151745,0.123185,20.0,Intel(R) Xeon(R) Platinum 8360Y CPU @ 2.40GHz,2,NVIDIA A100-SXM4-40GB,36,,,,,,,
xgemm,simple_gpu,8,18,0.0,0.0,0.0,30000,,,,2.47762,0.00187804,0.0433364,2.56819,0.00103574,0.0321828,340.839,45.7704,6.76538,184.64,3.95447,1.98858,137.568,2.0579,1.43454,71.899,0.372501,0.610329,20.0,Intel(R) Xeon(R) Platinum 8360Y CPU @ 2.40GHz,2,NVIDIA A100-SXM4-40GB,36,,,,,,,
xgemm,simple_gpu,4,18,0.0,0.0,0.0,30000,,,,1.27634,0.00187878,0.0433449,1.36302,0.000490094,0.0221381,175.743,33.6003,5.79657,97.6054,3.3701,1.83578,137.706,2.13992,1.46284,71.6098,0.503651,0.709683,20.0,Intel(R) Xeon(R) Platinum 8360Y CPU @ 2.40GHz,2,NVIDIA A100-SXM4-40GB,36,,,,,,,
xgemm,simple_gpu,8,18,0.0,0.0,0.0,20000,,,,1.17123,0.003107,0.0557405,1.26095,0.00130052,0.0360627,168.463,135.686,11.6484,87.4948,5.61927,2.3705,143.702,14.7274,3.83763,69.3948,0.533666,0.730525,20.0,Intel(R) Xeon(R) Platinum 8360Y CPU @ 2.40GHz,2,NVIDIA A100-SXM4-40GB,36,,,,,,,
xgemm,simple_gpu,4,18,0.0,0.0,0.0,20000,,,,0.570611,0.002105,0.0458803,0.657653,0.00101549,0.0318668,86.0875,81.4612,9.02558,46.7644,4.07682,2.01911,150.83,93.8567,9.68797,71.1299,0.328455,0.57311,20.0,Intel(R) Xeon(R) Platinum 8360Y CPU @ 2.40GHz,2,NVIDIA A100-SXM4-40GB,36,,,,,,,
xgemm,simple_gpu,4,18,0.0,0.0,0.0,30000,,,,1.25637,0.00248026,0.0498022,1.34352,0.00106615,0.0326519,191.447,50.7813,7.1261,96.5401,4.89943,2.21347,152.398,1.06782,1.03335,71.8672,1.16396,1.07887,20.0,Intel(R) Xeon(R) Platinum 8360Y CPU @ 2.40GHz,2,NVIDIA A100-SXM4-40GB,36,,,,,,,
xgemm,simple_gpu,8,18,0.0,0.0,0.0,10,,,,0.100077,1.32927e-11,3.64591e-06,0.100563,3.04453e-12,1.74486e-06,11.9735,0.0105009,0.102474,8.22385,0.000244944,0.0156507,119.642,1.04007,1.01984,81.7781,0.0242177,0.155621,20.0,Intel(R) Xeon(R) Platinum 8360Y CPU @ 2.40GHz,2,NVIDIA A100-SXM4-40GB,36,,,,,,,
